index,url,valid,domain,title,description,image,published,archive,content,quote,language,keyword
https://www.zeit.de/politik/ausland/2023-01/kolumbien-friedensprozess-verhandlungen-rebellen,https://www.zeit.de/politik/ausland/2023-01/kolumbien-friedensprozess-verhandlungen-rebellen,0,www.zeit.de,Kolumbien: Regierung vereinbart Waffenstillstand mit bewaffneten Gruppen,Kolumbiens Präsident hat Fortschritte im Friedensprozess mit mehreren Rebellengruppen verkündet. Ein halbes Jahr lang soll es keine bewaffneten Kämpfe geben.,,2023-01-01T07:40:47Z,https://web.archive.org/web/20230101075402/https://www.zeit.de/politik/ausland/2023-01/kolumbien-friedensprozess-verhandlungen-rebellen,"When browsing with ads:
We collect personal data and also transmit it to third-party providers
 that help us improve and finance our digital content. Some of the information stored on your device, … [+732 chars]",,de,'Kämpfe'
https://www.zeit.de/kultur/2023-01/wladimir-putin-neujahrsansprache-russland-krieg,https://www.zeit.de/kultur/2023-01/wladimir-putin-neujahrsansprache-russland-krieg,0,www.zeit.de,Neujahrsansprache von Wladimir Putin: Väterchen Zar ruft zum Krieg,In seiner Neujahrsansprache schwört Wladimir Putin Russland auf einen langen Krieg ein. Dabei schlüpft er in eine zentrale Rolle der russischen Politmythologie.,,2023-01-01T13:03:22Z,http://archive.md/20230101131551/https://www.zeit.de/kultur/2023-01/wladimir-putin-neujahrsansprache-russland-krieg,"When browsing with ads:
We collect personal data and also transmit it to third-party providers
 that help us improve and finance our digital content. Some of the information stored on your device, … [+732 chars]",,de,'Krieg'
https://www.zeit.de/wirtschaft/2023-01/china-wirtschaft-industrie-stimmung-pandemie,https://www.zeit.de/wirtschaft/2023-01/china-wirtschaft-industrie-stimmung-pandemie,0,www.zeit.de,Konjunktur: Stimmung in China bei Industrie und Dienstleistung eingetrübt,Im chinesischen Industrie- und Dienstleistungssektor sinken die Aussichten stärker als erwartet. Grund dürfte die Angst vor den Folgen der neuen Corona-Politik sein.,,2023-01-01T14:45:53Z,,"When browsing with ads:
We collect personal data and also transmit it to third-party providers
 that help us improve and finance our digital content. Some of the information stored on your device, … [+732 chars]",,de,'Angst'
https://www.sueddeutsche.de/wirtschaft/energiekrise-geschaeftsjahr-2022-textilreinigung-inflation-mittelstand-1.5725120,https://www.sueddeutsche.de/wirtschaft/energiekrise-geschaeftsjahr-2022-textilreinigung-inflation-mittelstand-1.5725120,0,www.sueddeutsche.de,"""Du, Chef, meinst du, das Gas reicht?""",Textilreinigungen gehören zu den besonders energieintensiven Betrieben. 2022 war deswegen ein Horrorjahr für sie. Wird 2023 besser? Zu Besuch bei einem Unternehmer in Ostdeutschland.,https://www.sueddeutsche.de/image/sz.1.5725123/1200x675?v=1672585224,2023-01-01T15:00:31Z,https://web.archive.org/web/20230101154834/https://www.sueddeutsche.de/wirtschaft/energiekrise-geschaeftsjahr-2022-textilreinigung-inflation-mittelstand-1.5725120,Textilreinigungen gehören zu den besonders energieintensiven Betrieben. 2022 war deswegen ein Horrorjahr für sie. Wird 2023 besser? Zu Besuch bei einem Unternehmer in Ostdeutschland.Die Mangel sieht … [+486 chars],,de,'Gas'
https://www.tagesschau.de/ausland/europa/ukraine-krieg-237.html,https://www.tagesschau.de/ausland/europa/ukraine-krieg-237.html,0,www.tagesschau.de,Krieg gegen die Ukraine: Weiter schwere Kämpfe in Bachmut,"Auch am Silvesterwochenende hat Russland ukrainische Städte angegriffen - vor allem mit ""Kamikazedrohnen"". Präsident Selenskyj sprach von ""erbärmlichen"" Terroristen. Besonders umkämpft bleibt die Frontstadt Bachmut im Osten.",https://www.tagesschau.de/multimedia/bilder/ukraine-krieg-239~_v-original.jpg,2023-01-01T20:07:24Z,https://web.archive.org/web/20230101200843/http://www.tagesschau.de/ausland/europa/ukraine-krieg-237.html,"Auch am Silvesterwochenende hat Russland ukrainische Städte angegriffen - vor allem mit ""Kamikazedrohnen"". Präsident Selenskyj sprach von ""erbärmlichen"" Terroristen. Besonders umkämpft bleibt die Fro… [+4167 chars]",,de,'Kämpfe'
https://www.faz.net/aktuell/politik/ukraine-liveticker-explosion-in-kiew-ukraine-meldet-neuen-beschuss-18495964.html,https://www.faz.net/aktuell/politik/ukraine-liveticker-explosion-in-kiew-ukraine-meldet-neuen-beschuss-18495964.html,0,www.faz.net,Ukraine-Liveblog: Explosion in Kiew: Ukraine meldet neuen Beschuss,Neuer russischer Drohnenangriff +++ Schwere Kämpfe bei ostukrainischer Stadt Bachmut +++ Klitschko: Müssen jederzeit mit neuem Angriff auf Kiew rechnen +++ alle Entwicklungen im Liveblog.,https://media0.faz.net/ppmedia/aktuell/2372361209/1.8572648/facebook_teaser/feuerwehrleute-loeschen-am.jpg,2023-01-01T20:55:10Z,https://web.archive.org/web/20230102013907/https://www.faz.net/aktuell/politik/ukraine-liveticker-explosion-in-kiew-ukraine-meldet-neuen-beschuss-18495964.html,"Kiews Bürgermeister Vitali Klitschko geht von weiteren russischen Angriffen auf die ukrainische Hauptstadt aus. Russland mobilisiert weitere Kräfte, wir rechnen damit, dass bis zu 300.000 Soldaten ei… [+488 chars]",,de,'Kämpfe'
https://www.faz.net/aktuell/politik/ukraine-liveticker-neuer-russischer-drohnenangriff-in-der-ukraine-18495964.html,https://www.faz.net/aktuell/politik/ukraine-liveticker-neuer-russischer-drohnenangriff-in-der-ukraine-18495964.html,0,www.faz.net,Ukraine-Liveblog: Neuer russischer Drohnenangriff in der Ukraine,Schwere Kämpfe bei ostukrainischer Stadt Bachmut +++ Klitschko: Müssen jederzeit mit neuem Angriff auf Kiew rechnen +++ Russland greift Ukraine abermals mit Raketen an +++ alle Entwicklungen im Liveblog.,https://media0.faz.net/ppmedia/aktuell/politik/261110949/1.8572606/facebook_teaser/rettungskraefte-arbeiten-in.jpg,2023-01-01T20:55:10Z,https://web.archive.org/web/20230101211944/https://www.faz.net/aktuell/politik/ukraine-liveticker-neuer-russischer-drohnenangriff-in-der-ukraine-18495964.html,"Rettungskräfte arbeiten in einem stark beschädigten Wohngebiet, das nach ukrainischen Angaben bei einem russischen Raketenangriff beschädigt wurden. Bild: dpa
Schwere Kämpfe bei ostukrainischer Stad… [+163 chars]",,de,'Kämpfe'
https://www.tagesschau.de/ausland/amerika/mexiko-angriff-gefaengnis-101.html,https://www.tagesschau.de/ausland/amerika/mexiko-angriff-gefaengnis-101.html,0,www.tagesschau.de,Mindestens 14 Tote bei Angriff auf Gefängnis in Mexiko,Bei der versuchten Stürmung eines Gefängnisses haben Kriminelle im Norden von Mexiko mindestens 14 Menschen getötet. 24 Häftlinge konnten während der Kämpfe fliehen. Inzwischen ist die Lage unter Kontrolle.,https://www.tagesschau.de/multimedia/bilder/angriff-gefaengnis-mexiko-101~_v-original.jpg,2023-01-02T01:59:11Z,https://web.archive.org/web/20230102020025/http://www.tagesschau.de/ausland/amerika/mexiko-angriff-gefaengnis-101.html,Bei der versuchten Stürmung eines Gefängnisses haben Kriminelle im Norden von Mexiko mindestens 14 Menschen getötet. 24 Häftlinge konnten während der Kämpfe fliehen. Inzwischen ist die Lage unter Kon… [+1572 chars],,de,'Kämpfe'
https://www.zeit.de/news/2023-01/02/krieg-gegen-die-ukraine-so-ist-die-lage,https://www.zeit.de/news/2023-01/02/krieg-gegen-die-ukraine-so-ist-die-lage,0,www.zeit.de,Russische Invasion: Krieg gegen die Ukraine: So ist die Lage,,,2023-01-02T04:19:07Z,,"When browsing with ads:
We collect personal data and also transmit it to third-party providers
 that help us improve and finance our digital content. Some of the information stored on your device, … [+732 chars]",,de,'Krieg'
https://www.zeit.de/news/2023-01/02/krieg-corona-politisch-motivierte-kriminalitaet-nimmt-zu,https://www.zeit.de/news/2023-01/02/krieg-corona-politisch-motivierte-kriminalitaet-nimmt-zu,0,www.zeit.de,"Jahreswechsel: Krieg, Corona: Politisch motivierte Kriminalität nimmt zu",,,2023-01-02T04:19:28Z,,"When browsing with ads:
We collect personal data and also transmit it to third-party providers
 that help us improve and finance our digital content. Some of the information stored on your device, … [+732 chars]",,de,'Krieg'
https://www.zeit.de/news/2023-01/02/trotz-winters-und-anhaltender-kaempfe-nicht-mehr-gefluechtete,https://www.zeit.de/news/2023-01/02/trotz-winters-und-anhaltender-kaempfe-nicht-mehr-gefluechtete,0,www.zeit.de,Ukraine-Krieg: Trotz Winters und anhaltender Kämpfe nicht mehr Geflüchtete,,,2023-01-02T04:56:59Z,https://web.archive.org/web/20230102052004/https://www.zeit.de/news/2023-01/02/trotz-winters-und-anhaltender-kaempfe-nicht-mehr-gefluechtete,"When browsing with ads:
We collect personal data and also transmit it to third-party providers
 that help us improve and finance our digital content. Some of the information stored on your device, … [+732 chars]",,de,'Ukraine'
https://www.zeit.de/news/2023-01/02/ex-nato-general-rechnet-2023-mit-waffenstillstand,https://www.zeit.de/news/2023-01/02/ex-nato-general-rechnet-2023-mit-waffenstillstand,0,www.zeit.de,Ukraine-Krieg: Ex-Nato-General rechnet 2023 mit Waffenstillstand,,,2023-01-02T07:27:35Z,https://web.archive.org/web/20230102075307/https://www.zeit.de/news/2023-01/02/ex-nato-general-rechnet-2023-mit-waffenstillstand,"When browsing with ads:
We collect personal data and also transmit it to third-party providers
 that help us improve and finance our digital content. Some of the information stored on your device, … [+732 chars]",,de,'Ukraine'
https://www.stern.de/kultur/literatur--steigende-papier--und-energiekosten--buecher-werden-teurer-33060076.html,https://www.stern.de/kultur/literatur--steigende-papier--und-energiekosten--buecher-werden-teurer-33060076.html,0,www.stern.de,Literatur: Steigende Papier- und Energiekosten: Bücher werden teurer,Verlage und Buchhandlungen müssen derzeit viele Mehrkosten stemmen. Das spüren auch die Kunden - und halten sich beim Kauf zurück. Der Börsenverein wirbt um Unterstützung.,https://image.stern.de/33060078/t/Re/v1/w1440/r1.7778/-/02--urnnewsmldpacom200901012301029976918v3w800h600l640t404r1920b1213jpeg---39240cd54347dda5.jpg,2023-01-02T08:17:46Z,https://web.archive.org/web/20230102084434/https://www.stern.de/kultur/literatur--steigende-papier--und-energiekosten--buecher-werden-teurer-33060076.html,"Verlage und Buchhandlungen müssen derzeit viele Mehrkosten stemmen. Das spüren auch die Kunden - und halten sich beim Kauf zurück. Der Börsenverein wirbt um Unterstützung.
Papiermangel, Energiekoste… [+4909 chars]",,de,'Energiekosten'
https://www.faz.net/aktuell/politik/ukraine-liveticker-stoltenberg-muessen-mehr-waffen-produzieren-18495964.html,https://www.faz.net/aktuell/politik/ukraine-liveticker-stoltenberg-muessen-mehr-waffen-produzieren-18495964.html,0,www.faz.net,Ukraine-Liveblog: Stoltenberg: Müssen mehr Waffen produzieren,Explosion in Kiew: Ukraine meldet neuen Beschuss +++ Neuer russischer Drohnenangriff +++ Schwere Kämpfe bei ostukrainischer Stadt Bachmut +++ alle Entwicklungen im Liveblog.,https://media1.faz.net/ppmedia/aktuell/politik/3994406593/1.8573211/facebook_teaser/nato-generalsekretaer-jens.jpg,2023-01-02T09:53:39Z,https://web.archive.org/web/20230102100754/https://www.faz.net/aktuell/politik/ukraine-liveticker-stoltenberg-muessen-mehr-waffen-produzieren-18495964.html,"Der frühere NATO-General Hans-Lothar Domröse erwartet im Laufe des neuen Jahres einen Waffenstillstand in der Ukraine. ""Wir werden im Verlauf des Jahres 2023 einen Waffenstillstand haben"", sagte Domr… [+928 chars]",,de,'Ukraine'
https://www.wiwo.de/politik/ausland/ukraine-krieg-die-lage-am-montag-ex-nato-general-rechnet-2023-mit-waffenstillstand/28116300.html,https://www.wiwo.de/politik/ausland/ukraine-krieg-die-lage-am-montag-ex-nato-general-rechnet-2023-mit-waffenstillstand/28116300.html,0,www.wiwo.de,Ukraine-Krieg – die Lage am Montag: Ex-Nato-General rechnet 2023 mit Waffenstillstand,"Im Frühsommer würden die Ukraine und Russland zu einem Punkt kommen, an dem beide Seiten sagen würden: „Jetzt bringt es nichts mehr”, sagt Ex-Nato-General Domröse. Frieden bedeute das aber noch lange nicht. Aktuelle Ukraine-News im Überblick.",https://www.wiwo.de/images/saporischschja/28899456/1-format11240.jpg,2023-01-02T10:11:50Z,,"Am wahrscheinlichsten trete zwischen Februar und Mai eine Situation ein, in der beide Seiten erkennen, dass sie nicht weiterkommen, meint der ehemalige General. Das wäre der Moment für Waffenstillsta… [+5380 chars]",,de,'Krieg'
https://www.diepresse.com/6233593/oesterreicher-laut-umfrage-ueberdurchschnittlich-pessimistisch,https://www.diepresse.com/6233593/oesterreicher-laut-umfrage-ueberdurchschnittlich-pessimistisch,0,www.diepresse.com,"Österreicher laut Umfrage ""überdurchschnittlich pessimistisch""",Laut einer Gallup-Umfrage stehen in Österreich 49 Prozent Pessimisten nur 18 Prozent Optimisten gegenüber. Vor einem Jahr war die Angst vor wachsenden wirtschaftlichen Schwierigkeiten weltweit wesentlich geringer.,https://media.diepresse.com/social_diepresse_nachrichten/images/uploads_1200/d/f/9/6233593/4B15AE91-2FBD-40A1-B74A-F5F1FB091D6F_v0_l.jpg,2023-01-02T10:17:00Z,,Laut einer Gallup-Umfrage stehen in Österreich 49 Prozent Pessimisten nur 18 Prozent Optimisten gegenüber. Vor einem Jahr war die Angst vor wachsenden wirtschaftlichen Schwierigkeiten weltweit wesent… [+3668 chars],,de,'Angst'
https://www.focus.de/gesundheit/coronavirus/corona-angst-schraenkt-leben-ein-team-vorsicht-kann-mir-auf-die-fuesse-fallen_id_181418760.html,https://www.focus.de/gesundheit/coronavirus/corona-angst-schraenkt-leben-ein-team-vorsicht-kann-mir-auf-die-fuesse-fallen_id_181418760.html,0,www.focus.de,Betroffene berichtet - Zwei Jahre im „Corona-Team Vorsicht“: Nun muss ich meine Angst überwinden,"Anne* (53) hat sich in der Pandemie klar positioniert: Kein Sportclub, keine Freunde treffen, Fahrrad statt Bahn. Das meiste ist bis heute so geblieben. Aber so langsam fragt sie sich: Habe ich den Anschluss verpasst?",https://p6.focus.de/img/fotos/id_181418444/corona-isolation.jpg?im=Crop%3D%280%2C288%2C3464%2C1732%29%3BResize%3D%281200%2C627%29&impolicy=perceptual&quality=medium&hash=8ab798ab47f3728244d1977aa4b3cdd9717f8ee5ccfc328d9b2bd20ae35ebce9,2023-01-02T10:46:06Z,,"Anne* (53) hat sich in der Pandemie klar positioniert: Kein Sportclub, keine Freunde treffen, Fahrrad statt Bahn. Das meiste ist bis heute so geblieben. Aber so langsam fragt sie sich: Habe ich den A… [+7684 chars]",,de,'Angst'
https://www.focus.de/politik/ausland/ukraine-krise/soldatin-oder-schauspielerin-diese-mysterioese-russin-an-putins-seite-wirft-fragen-auf_id_181946971.html,https://www.focus.de/politik/ausland/ukraine-krise/soldatin-oder-schauspielerin-diese-mysterioese-russin-an-putins-seite-wirft-fragen-auf_id_181946971.html,0,www.focus.de,Soldatin oder Schauspielerin? - Diese mysteriöse Russin an Putins Seite wirft Fragen auf,Seine Neujahrsansprache hielt Putin dieses Jahr umringt von Soldaten. Doch Twitter-Nutzer wurden stutzig und erkennen einige Gesichter aus vergangenen Propaganda-Videos wieder. Vor allem eine Frau taucht immer auf - in völlig unterschiedlichen Rollen.Von FOCU…,https://p6.focus.de/img/fotos/id_181952614/putin-neujahrsansprache.png?im=Crop%3D%280%2C24%2C766%2C383%29%3BResize%3D%281200%2C627%29&hash=15d4648c396112dac2f1263d862d1a1914ccdb3b3b03a549b1d04d8a927ed079,2023-01-02T12:19:42Z,,Seine Neujahrsansprache hielt Putin dieses Jahr umringt von Soldaten. Doch Twitter-Nutzer wurden stutzig und erkennen einige Gesichter aus vergangenen Propaganda-Videos wieder. Vor allem eine Frau ta… [+2998 chars],,de,'Angst'
https://www.welt.de/politik/ausland/video242985381/Nach-Tod-von-Benedikt-XVI-Trauerfeier-auf-dem-Petersplatz.html,https://www.welt.de/politik/ausland/video242985381/Nach-Tod-von-Benedikt-XVI-Trauerfeier-auf-dem-Petersplatz.html,0,www.welt.de,"„Ursprünglich wollte er Aufbruch, hatte dann aber Angst vor der eigenen Courage“","Im Petersdom können Gläubige von Benedikt XVI. Abschied nehmen. „Die letzten Stunden in der Privatkapelle müssen sehr intime Stunden des Abschieds gewesen sein. Es wurde die ganze Nacht gebetet“, sagt WELT-Kirchenexperte Lucas Wiegelmann. Doch was bleibt von …",https://img.welt.de/img/politik/ausland/mobile242985507/6101358527-ci16x9-w1200/lucas-wiegelmann-0201-01-jpg.jpg,2023-01-02T12:21:33Z,,"Die WELT als ePaper: Die vollständige Ausgabe steht Ihnen bereits am Vorabend zur Verfügung so sind Sie immer hochaktuell informiert. Weitere Informationen: http://epaper.welt.de 
 Der Kurz-Link die… [+49 chars]",,de,'Angst'
https://www.tagesschau.de/wirtschaft/jugend-geld-101.html,https://www.tagesschau.de/wirtschaft/jugend-geld-101.html,0,www.tagesschau.de,Finanzielle Bildung: Jugendliche wollen über Geld reden,"Viele Jugendliche beschäftigt das Thema Kaufkraftverlust und Altersvorsorge. Dass man über Geld nicht spricht, stimmt für sie nicht mehr, beobachten Jugendforscher. Was auch auffällt: Junge Leute sparen heute anders. <em>Von Emal Atif.</em>",https://www.tagesschau.de/multimedia/bilder/geldstuecke-101~_v-original.jpg,2023-01-02T13:23:41Z,,"Viele Jugendliche beschäftigt das Thema Kaufkraftverlust und Altersvorsorge. Dass man über Geld nicht spricht, stimmt für sie nicht mehr, beobachten Jugendforscher. Was auch auffällt: Junge Leute spa… [+2883 chars]",,de,'Geld sparen'
https://www.sueddeutsche.de/wirtschaft/lula-da-silva-suedamerika-rohstoffe-hunger-armut-1.5724941,https://www.sueddeutsche.de/wirtschaft/lula-da-silva-suedamerika-rohstoffe-hunger-armut-1.5724941,0,www.sueddeutsche.de,Brasilien: Der neue Präsident Lula will Hunger und Armut bekämpfen,"Als die linke Arbeiterpartei vor zwei Jahrzehnten zum ersten Mal die Macht in Brasilien übernahm, war die Wirtschaftslage prekär. Heute ist sie katastrophal. Was der neue Präsident Lula dagegen unternehmen will.",https://www.sueddeutsche.de/image/sz.1.5725313/1200x675?v=1672651822,2023-01-02T13:33:58Z,,"Als die linke Arbeiterpartei vor zwei Jahrzehnten zum ersten Mal die Macht in Brasilien übernahm, war die Wirtschaftslage prekär. Heute ist sie katastrophal. Was der neue Präsident Lula dagegen unter… [+7793 chars]",,de,'Angst'
https://www.sueddeutsche.de/medien/podcast-drachenlord-cui-bono-1.5725453,https://www.sueddeutsche.de/medien/podcast-drachenlord-cui-bono-1.5725453,0,www.sueddeutsche.de,"Podcast ""Wer hat Angst vorm Drachenlord?"": Böser Wille","In seinem Podcast ""Cui Bono: Wer hat Angst vorm Drachenlord?"" schildert Khesrau Behroz die raumgreifende Niedertracht von Cybermobbing.",https://www.sueddeutsche.de/image/sz.1.5725572/1200x675?v=1672666985,2023-01-02T13:43:55Z,,"In seinem Podcast ""Cui Bono: Wer hat Angst vorm Drachenlord?"" schildert Khesrau Behroz die raumgreifende Niedertracht von Cybermobbing.Rainer W. ist ein freier Mann. Für viele Menschen ist das eine E… [+370 chars]",,de,'Angst'
https://www.businessinsider.de/gruenderszene/business/2023-wird-besser-ich-schwoers-speedinvest-ceo-oliver-holles-ausblick/,https://www.businessinsider.de/gruenderszene/business/2023-wird-besser-ich-schwoers-speedinvest-ceo-oliver-holles-ausblick/,0,www.businessinsider.de,"„2023 wird besser, ich schwör’s” – Speedinvest CEO Oliver Holles Ausblick","Vor mittlerweile mehr als zehn Jahren startete Oliver Holle den österreichischen Risikokapitalgeber Speedinvest. Seither ist sein Unternehmen weit über die heimischen Landesgrenzen hinaus bekannt: Mit Volltreffern wie Wefox, Bitpanda und Tier brachte Speedinv…",https://cdn.businessinsider.de/wp-content/uploads/2022/12/Oliver-Holle-Speedinvest-CEO-and-Managing-Partner-e1671616341407.jpg?ver=1671616344,2023-01-02T14:24:16Z,,"Sein Risikokapitalgeber ist einer der berühmtesten in Europa. Wie blickt der Gründer Oliver Holle auf das vergangene Jahr zurück? Es gibt auf jeden Fall Dinge, die er bereut.
Vor mittlerweile mehr a… [+4328 chars]",,de,'Risiko'
https://www.focus.de/panorama/lotto/angst-vor-hackerangriff-webseite-von-lotto-schleswig-holstein-zeitweise-offline_id_181964989.html,https://www.focus.de/panorama/lotto/angst-vor-hackerangriff-webseite-von-lotto-schleswig-holstein-zeitweise-offline_id_181964989.html,0,www.focus.de,Angst vor Hackerangriff - Webseite von Lotto Schleswig-Holstein zeitweise offline,"Lotto Schleswig-Holstein hat den Zugang zur eigenen Internetseite über den Jahreswechsel vorübergehend gesperrt. Grund dafür war der Verdacht auf einen Hackerangriff. Hunderte Nutzer werden nun dazu aufgefordert, sich neue Passwörter zu suchen.",https://p6.focus.de/img/regional/hamburg/id_181964972/ein-lottoschein-und-ein-kugelschreiber-liegen-in-einer-annahmestelle-auf-dem-tresen..jpg?im=Crop%3D%280%2C329%2C2048%2C1025%29%3BResize%3D%281200%2C627%29&impolicy=perceptual&quality=medium&hash=b7fefc2f0678ac813c0ad764457e3c5b27600949a17bb9417febdc543207f6a3,2023-01-02T14:50:06Z,,Lotto Schleswig-Holstein hat den Zugang zur eigenen Internetseite über den Jahreswechsel vorübergehend gesperrt. Grund dafür war der Verdacht auf einen Hackerangriff. Hunderte Nutzer werden nun dazu … [+954 chars],,de,'Angst'
https://www.sueddeutsche.de/politik/ukraine-raketenangriff-drohnen-kiew-1.5725693,https://www.sueddeutsche.de/politik/ukraine-raketenangriff-drohnen-kiew-1.5725693,0,www.sueddeutsche.de,"Krieg in der Ukraine: ""Luftalarm, zwei Gruppen von Mopeds""",Russland schickt zum Jahreswechsel Schwärme von Kamikaze-Drohnen in ukrainische Städte. Die Auswirkungen sind gering. Offenbar hat sich die Flugabwehr gut auf die Zweitakter der Lüfte eingestellt.,https://www.sueddeutsche.de/image/sz.1.5725694/1200x675?v=1672672594,2023-01-02T15:19:42Z,,Russland schickt zum Jahreswechsel Schwärme von Kamikaze-Drohnen in ukrainische Städte. Die Auswirkungen sind gering. Offenbar hat sich die Flugabwehr gut auf die Zweitakter der Lüfte eingestellt. Fü… [+4424 chars],,de,'Krieg'
https://www.sueddeutsche.de/wirtschaft/preise-gas-guenstiger-als-vorm-krieg-1.5725374,https://www.sueddeutsche.de/wirtschaft/preise-gas-guenstiger-als-vorm-krieg-1.5725374,0,www.sueddeutsche.de,Preise: Gas günstiger als vorm Krieg,"Die europäischen Erdgaspreise bewegen fallen zu Beginn des Jahres unter Vorkriegsniveau, da das milde Wetter die Nachfrage dämpft. Die Benchmark-Futures fielen...",https://www.sueddeutsche.de/assets/png/sz-ecb090256670a577bd629a9718686332.png,2023-01-02T17:43:59Z,https://web.archive.org/web/20230102194937/https://www.sueddeutsche.de/wirtschaft/preise-gas-guenstiger-als-vorm-krieg-1.5725374,"Die europäischen Erdgaspreise bewegen fallen zu Beginn des Jahres unter Vorkriegsniveau, da das milde Wetter die Nachfrage dämpft. Die Benchmark-Futures fielen um bis zu 7,9 Prozent auf den niedrigst… [+397 chars]",,de,'Krieg'
https://www.zeit.de/news/2023-01/02/folterlager-im-befreiten-charkiw-entdeckt,https://www.zeit.de/news/2023-01/02/folterlager-im-befreiten-charkiw-entdeckt,0,www.zeit.de,Ukraine-Krieg: Folterlager im befreiten Charkiw entdeckt,,,2023-01-02T19:58:10Z,https://web.archive.org/web/20230102202107/https://www.zeit.de/news/2023-01/02/folterlager-im-befreiten-charkiw-entdeckt,"When browsing with ads:
We collect personal data and also transmit it to third-party providers
 that help us improve and finance our digital content. Some of the information stored on your device, … [+732 chars]",,de,'Krieg'
https://www.zeit.de/news/2023-01/03/staedtetag-mehr-unterstuetzung-fuer-ukraine-gefluechtete,https://www.zeit.de/news/2023-01/03/staedtetag-mehr-unterstuetzung-fuer-ukraine-gefluechtete,0,www.zeit.de,Ukraine-Krieg: Städtetag: Mehr Unterstützung für Ukraine-Geflüchtete,,,2023-01-03T05:04:49Z,https://web.archive.org/web/20230103050936/https://www.zeit.de/news/2023-01/03/staedtetag-mehr-unterstuetzung-fuer-ukraine-gefluechtete,"When browsing with ads:
We collect personal data and also transmit it to third-party providers
 that help us improve and finance our digital content. Some of the information stored on your device, … [+732 chars]",,de,'Ukraine'
https://www.faz.net/aktuell/politik/ukraine-liveticker-grossbritannien-sieht-in-bachmut-kein-durchkommen-fuer-russland-18495964.html,https://www.faz.net/aktuell/politik/ukraine-liveticker-grossbritannien-sieht-in-bachmut-kein-durchkommen-fuer-russland-18495964.html,0,www.faz.net,Ukraine-Liveblog: London sieht in Bachmut kein Durchkommen für Russland,Eishockey-Club meldet Zerstörung von Eishalle +++ Ukraine berichtet von russischen Folterlagern in Charkiw +++ Russland spricht von Dutzenden Toten nach ukrainischem Angriff +++ Stoltenberg: Müssen mehr Waffen produzieren +++ alle Entwicklungen im Liveblog.,https://media0.faz.net/ppmedia/aktuell/980732393/1.8575416/facebook_teaser/ein-ukrainischer-soldat-an.jpg,2023-01-03T09:30:10Z,https://web.archive.org/web/20230103105611/https://www.faz.net/aktuell/politik/ukraine-liveticker-grossbritannien-sieht-in-bachmut-kein-durchkommen-fuer-russland-18495964.html,Mehr als zehn Monate nach dem Beginn des russischen Angriffskriegs auf die Ukraine ist nach Ansicht der saarländischen Ministerpräsidentin Anke Rehlinger (SPD) ein Ende der Kämpfe nicht absehbar. Wir… [+478 chars],,de,'Russland'
"https://www.ndr.de/nachrichten/niedersachsen/Erster-LNG-Tanker-erreicht-Wilhelmshaven-Proteste-geplant,tanker276.html","https://www.ndr.de/nachrichten/niedersachsen/Erster-LNG-Tanker-erreicht-Wilhelmshaven-Proteste-geplant,tanker276.html",0,www.ndr.de,Erster LNG-Tanker erreicht Wilhelmshaven,"Der erste mit Flüssiggas beladene Tanker ist am neuen LNG-Anleger in Wilhelmshaven angekommen. Weil das Gas durch Fracking gewonnen wurde, kündigten Umweltschützer für den Abend Proteste im Außenhafen von Hooksiel an.",https://www.ndr.de/nachrichten/niedersachsen/oldenburg_ostfriesland/lng614_v-contentxl.jpg,2023-01-03T10:02:16Z,"https://web.archive.org/web/20230103082455/http://www.ndr.de/nachrichten/niedersachsen/Erster-LNG-Tanker-erreicht-Wilhelmshaven-Proteste-geplant,tanker276.html","Stand: 03.01.2023 11:02 Uhr
Mit der ""Maria Energy"" hat am Dienstagmorgen der erste mit Flüssiggas beladene Tanker am LNG-Anleger in Wilhelmshaven angedockt. Kritik gibt es unter anderem, weil das Ga… [+1827 chars]",,de,'Gas'
https://www.zeit.de/2023/01/stille-laerm-alleinsein-gruebeln-angst,https://www.zeit.de/2023/01/stille-laerm-alleinsein-gruebeln-angst,0,www.zeit.de,Stille: In die Tiefe gehen,"Viele Menschen sehnen sich nach Ruhe. Doch die Gedanken zum Schweigen zu bringen, ist nicht einfach. Warum wir Angst vor der Stille haben und wie wir sie doch finden.",,2023-01-03T18:18:36Z,,"When browsing with ads:
We collect personal data and also transmit it to third-party providers
 that help us improve and finance our digital content. Some of the information stored on your device, … [+732 chars]",,de,'Angst'
https://www.autobild.de/artikel/elektroautos-profitipps-laden-akku-stromsparen-thg-22378471.html,https://www.autobild.de/artikel/elektroautos-profitipps-laden-akku-stromsparen-thg-22378471.html,0,www.autobild.de,"Elektroautos: Profitipps, Laden, Akku, Stromsparen, THG Profi-Tipps für Elektroauto-Fahrer","Langsam kommt die Elektromobilität in der Mitte der Auto-Gesellschaft an. Aber diese Tipps für Elektroauto-Fahrer kennen viele bestimmt noch nicht. Sie helfen dabei, Energie und Geld zu sparen!",https://i.auto-bild.de/ir_img/3/1/8/5/2/7/1/c1491db66f76ab94.jpg?impolicy=og_images,2023-01-04T05:00:00Z,,"Auto ganz einfach zum Bestpreis online verkaufen
Top-Preise durch geprüfte Käufer persönliche Beratung stressfreie Abwicklung durch kostenlose Abholung!",,de,'Geld sparen'
https://www.focus.de/reisen/risiko-weltkarte-diese-karte-zeigt-welche-urlaubsorte-sie-2023-besser-meiden-sollten_id_53534928.html,https://www.focus.de/reisen/risiko-weltkarte-diese-karte-zeigt-welche-urlaubsorte-sie-2023-besser-meiden-sollten_id_53534928.html,0,www.focus.de,"Risiko-Weltkarte - Diese Karte zeigt, welche Urlaubsorte Sie 2023 besser meiden sollten","Naturkatastrophen, politische Konflikte, Sommerhitzen oder Regenzeiten. Bei der Wahl des nächsten Urlaubsziels gibt es viel zu beachten. Die Travel Risk Map 2023 beurteilt die Situationen in den einzelnen Ländern und bewertet das Risiko.Von Redakteur Michael …",https://p6.focus.de/img/fotos/id_182139550/3046702633-53838a450f.png?im=Crop%3D%280%2C64%2C2059%2C1029%29%3BResize%3D%281200%2C627%29&impolicy=perceptual&quality=medium&hash=e01b020563d57123d44e8ac1094f37d3d5a164788301c148b3d8bc2058f5efe2,2023-01-04T13:57:33Z,https://web.archive.org/web/20230104140307/https://www.focus.de/reisen/risiko-weltkarte-diese-karte-zeigt-welche-urlaubsorte-sie-2023-besser-meiden-sollten_id_53534928.html,"Wer in andere Länder reist, sollte sich vorher über das Sicherheitsrisiko und die Risiken in dem entsprechenden Land informieren. Politische Unruhen, Naturkatastrophen oder die Gefahr vor Terroransch… [+2519 chars]",,de,'Risiko'
https://www.faz.net/aktuell/politik/ausland/bulgariens-gasversorgung-ohne-russland-putins-plan-ging-nicht-auf-18576429.html,https://www.faz.net/aktuell/politik/ausland/bulgariens-gasversorgung-ohne-russland-putins-plan-ging-nicht-auf-18576429.html,0,www.faz.net,Gasversorgung in Bulgarien: Es geht auch ohne Russland,"Im April hat Putin Bulgarien das Gas abgedreht. Sein Machtspiel aber ging nicht auf. Dafür sorgten die EU, die USA, ein türkischer Autokrat, ein kaukasischer Diktator und internationale Energiekonzerne.",https://media0.faz.net/ppmedia/aktuell/2226125807/1.8576470/facebook_teaser/hoechste-prioritaet-im-oktober.jpg,2023-01-04T14:51:05Z,https://web.archive.org/web/20230104150609/http://www.faz.net/aktuell/politik/ausland/bulgariens-gasversorgung-ohne-russland-putins-plan-ging-nicht-auf-18576429.html,"Höchste Priorität: Im Oktober ging der Interkonnektor zwischen Griechenland und Bulgarien in Betrieb (hier eine Baustelle im griechischen Komotini im März) Bild: Bloomberg
Im April hat Putin Bulgari… [+2964 chars]",,de,'Putin'
https://www.tagesschau.de/wirtschaft/konjunktur/stromverbrauch-energiequellen-klimabilanz-101.html,https://www.tagesschau.de/wirtschaft/konjunktur/stromverbrauch-energiequellen-klimabilanz-101.html,0,www.tagesschau.de,"Mehr Erneuerbare, aber auch mehr Kohle bei Stromerzeugung",Der Anteil erneuerbarer Energien an der Stromerzeugung ist im vergangenen Jahr gestiegen. Doch der vermehrte Einsatz von Kohle als Gas-Ersatz und hoher CO2-Ausstoß in anderen Sektoren machen die Klimabilanz Deutschlands zunichte.,https://www.tagesschau.de/multimedia/bilder/strom-145~_v-original.jpg,2023-01-04T15:32:24Z,https://web.archive.org/web/20230104162617/https://www.tagesschau.de/wirtschaft/konjunktur/stromverbrauch-energiequellen-klimabilanz-101.html,Der Anteil erneuerbarer Energien an der Stromerzeugung ist im vergangenen Jahr gestiegen. Doch der vermehrte Einsatz von Kohle als Gas-Ersatz und hoher CO2-Ausstoß in anderen Sektoren machen die Klim… [+2871 chars],,de,'Gas'
https://www.faz.net/aktuell/politik/ukraine-liveticker-frankreich-will-der-ukraine-leichte-kampfpanzer-liefern-18495964.html,https://www.faz.net/aktuell/politik/ukraine-liveticker-frankreich-will-der-ukraine-leichte-kampfpanzer-liefern-18495964.html,0,www.faz.net,Ukraine-Liveblog: Frankreich will der Ukraine „leichte Kampfpanzer“ liefern,Putin stellt Hyperschallraketen auf Kriegsschiff in Dienst +++ Russen berichten von abgewehrtem Drohnenangriff auf die Krim +++ Caritas rechnet mit Flüchtlingswelle aus Ukraine +++ alle Entwicklungen im Liveblog.,https://media0.faz.net/ppmedia/aktuell/politik/2490150470/1.8579408/facebook_teaser/emmanuel-macron-hat-der.jpg,2023-01-04T17:21:48Z,https://web.archive.org/web/20230104175903/https://www.faz.net/aktuell/politik/ukraine-liveticker-frankreich-will-der-ukraine-leichte-kampfpanzer-liefern-18495964.html,In seinem täglichen Lagebericht zum Ukrainekrieg schreibt das britische Verteidigungsministerium:Am 31. Dezember 2022 beschoss die Ukraine in der russisch kontrollierten Stadt Makijiwka in der Nähe v… [+759 chars],,de,'Putin'
https://www.zeit.de/news/2023-01/05/krieg-gegen-die-ukraine-so-ist-die-lage,https://www.zeit.de/news/2023-01/05/krieg-gegen-die-ukraine-so-ist-die-lage,0,www.zeit.de,Russische Invasion: Krieg gegen die Ukraine: So ist die Lage,,,2023-01-05T04:23:23Z,https://web.archive.org/web/20230105071051/https://www.zeit.de/news/2023-01/05/krieg-gegen-die-ukraine-so-ist-die-lage,"When browsing with ads:
We collect personal data and also transmit it to third-party providers
 that help us improve and finance our digital content. Some of the information stored on your device, … [+732 chars]",,de,'Krieg'
https://www.zeit.de/news/2023-01/05/csu-berlin-muss-initiative-fuer-panzer-lieferungen-starten,https://www.zeit.de/news/2023-01/05/csu-berlin-muss-initiative-fuer-panzer-lieferungen-starten,0,www.zeit.de,Ukraine-Krieg: CSU: Berlin muss Initiative für Panzer-Lieferungen starten,,,2023-01-05T04:44:14Z,https://web.archive.org/web/20230105072237/https://www.zeit.de/news/2023-01/05/csu-berlin-muss-initiative-fuer-panzer-lieferungen-starten,"When browsing with ads:
We collect personal data and also transmit it to third-party providers
 that help us improve and finance our digital content. Some of the information stored on your device, … [+732 chars]",,de,'Krieg'
https://www.faz.net/aktuell/politik/ukraine-liveticker-csu-fordert-lieferung-von-leopard-2-panzer-18495964.html,https://www.faz.net/aktuell/politik/ukraine-liveticker-csu-fordert-lieferung-von-leopard-2-panzer-18495964.html,0,www.faz.net,Ukraine-Liveblog: CSU fordert Lieferung von Leopard-2-Panzern,Frankreich will der Ukraine „leichte Kampfpanzer“ liefern +++ Putin stellt Hyperschallraketen auf Kriegsschiff in Dienst +++ Russen berichten von abgewehrtem Drohnenangriff auf die Krim +++ alle Entwicklungen im Liveblog.,https://media1.faz.net/ppmedia/aktuell/politik/1365323189/1.8579779/facebook_teaser/ein-kampfpanzer-leopard-2.jpg,2023-01-05T04:44:21Z,https://web.archive.org/web/20230105051737/https://www.faz.net/aktuell/politik/ukraine-liveticker-csu-fordert-lieferung-von-leopard-2-panzer-18495964.html,In seinem täglichen Lagebericht zum Ukrainekrieg schreibt das britische Verteidigungsministerium:Am 31. Dezember 2022 beschoss die Ukraine in der russisch kontrollierten Stadt Makijiwka in der Nähe v… [+759 chars],,de,'Krieg'
https://www.autobild.de/artikel/sono-motors-sion-solarauto-crowdfunding-valmet-22379599.html,https://www.autobild.de/artikel/sono-motors-sion-solarauto-crowdfunding-valmet-22379599.html,0,www.autobild.de,"Sono Motors Sion: Solarauto, Crowdfunding, Valmet Solar-Elektroauto Sono Sion vor dem Aus","Trotz ""Rettungsaktion"": Deutschlands erstes Solar-Elektroauto, der Sion von Sono Motors, droht zu scheitern. Doch das Start-up kann mehr!",https://i.auto-bild.de/ir_img/3/1/8/5/4/3/3/Sono_Motors_Sion_Driving_2-16897baebef8630e.jpg?impolicy=og_images,2023-01-05T05:00:00Z,https://web.archive.org/web/20230105094803/https://www.autobild.de/artikel/sono-motors-sion-solarauto-crowdfunding-valmet-22379599.html,"Auto ganz einfach zum Bestpreis online verkaufen
Top-Preise durch geprüfte Käufer persönliche Beratung stressfreie Abwicklung durch kostenlose Abholung!",,de,'Solar'
https://www.faz.net/aktuell/politik/ukraine-liveticker-london-russland-hat-wohl-seine-luftwaffe-verlagert-18495964.html,https://www.faz.net/aktuell/politik/ukraine-liveticker-london-russland-hat-wohl-seine-luftwaffe-verlagert-18495964.html,0,www.faz.net,Ukraine-Liveblog: London: Russland hat wohl seine Luftwaffe verlagert,CSU fordert Lieferung von Leopard-2-Panzer +++ Frankreich will der Ukraine „leichte Kampfpanzer“ liefern +++ Putin stellt Hyperschallraketen auf Kriegsschiff in Dienst +++ alle Entwicklungen im Liveblog.,https://media1.faz.net/ppmedia/aktuell/2643802535/1.8579977/facebook_teaser/der-engels-militaerflughafen.jpg,2023-01-05T07:12:47Z,https://web.archive.org/web/20230105071729/https://www.faz.net/aktuell/politik/ukraine-liveticker-london-russland-hat-wohl-seine-luftwaffe-verlagert-18495964.html,"In seinem täglichen Lagebericht zum Ukrainekrieg schreibt das britische Verteidigungsministerium:Am 27. Dezember 2022 berichtete Oleksij Danilow, Sekretär des Nationalen Sicherheits- und Verteidigung… [+819 chars]",,de,'Krieg'
https://www.zeit.de/news/2023-01/05/russischer-parlamentschef-droht-deutschland-mit-enteignungen,https://www.zeit.de/news/2023-01/05/russischer-parlamentschef-droht-deutschland-mit-enteignungen,0,www.zeit.de,Krieg in der Ukraine: Russischer Parlamentschef droht Deutschland mit Enteignungen,,,2023-01-05T09:25:58Z,https://web.archive.org/web/20230105103011/https://www.zeit.de/news/2023-01/05/russischer-parlamentschef-droht-deutschland-mit-enteignungen,"When browsing with ads:
We collect personal data and also transmit it to third-party providers
 that help us improve and finance our digital content. Some of the information stored on your device, … [+732 chars]",,de,'Krieg'
https://www.nzz.ch/schweiz/liechtenstein-zahlt-energiekostenzuschuesse-an-unternehmen-ld.1719111,https://www.nzz.ch/schweiz/liechtenstein-zahlt-energiekostenzuschuesse-an-unternehmen-ld.1719111,0,www.nzz.ch,Liechtenstein zahlt Beiträge an Energiekosten von Unternehmen und Familien,"Mit Staatshilfe gegen hohe Energiekosten: Das Fürstentum Regierung setzt auf ein Modell, das schon bei den Corona-Hilfen angewendet worden war.","https://img.nzz.ch/2023/01/04/08b26251-bb5d-453f-8181-9c4cc5c03156.jpeg?width=1200&height=675&fit=bound&quality=75&auto=webp&crop=2000,1125,x0,y135&wmark=nzz",2023-01-05T11:00:00Z,https://web.archive.org/web/20230105110853/https://www.nzz.ch/schweiz/liechtenstein-zahlt-energiekostenzuschuesse-an-unternehmen-ld.1719111,"Rund 400 Unternehmen sollen eine befristete Unterstützung erhalten. Bild aufgenommen in Vaduz.
Frohe Kunde für Unternehmen mit hohem Energieverbrauch, aber auch für Familien, denen die gestiegenen E… [+5585 chars]",,de,'Energiekosten'
https://www.t-online.de/nachrichten/ausland/internationale-politik/id_100106790/russland-das-ist-ueber-putins-neue-hyperschallrakete-zirkon-bekannt.html,https://www.t-online.de/nachrichten/ausland/internationale-politik/id_100106790/russland-das-ist-ueber-putins-neue-hyperschallrakete-zirkon-bekannt.html,0,www.t-online.de,"Russland: Das ist über Putins neue Hyperschallrakete ""Zirkon"" bekannt - t-online","<ol><li>Russland: Das ist über Putins neue Hyperschallrakete ""Zirkon"" bekannt  t-online
</li><li>UKRAINE-KRIEG: Putins neue Wunderwaffe? ""Das ist eine klare Warnung an den Westen!""  WELT Nachrichtensender
</li><li>Im Schatten des Ukraine-Kriegs: Putin schic…",https://images.t-online.de/2022/05/92268656v2/257x216:1135x638/fit-in/1800x0/ein-vom-russischen-verteidigungsministerium-verbreitetes-video-soll-den-start-der-zirkon-rakete-zeigen.png,2023-01-05T11:01:48Z,https://web.archive.org/web/20230105114752/https://www.t-online.de/nachrichten/ausland/internationale-politik/id_100106790/russland-das-ist-ueber-putins-neue-hyperschallrakete-zirkon-bekannt.html,"Im Mai meldete Russland einen ersten erfolgreichen Flug, nun ist offenbar das erste Schiff bewaffnet: Die Hyperschallrakete Zirkon soll dem Land nach eigenen Angaben einen erheblichen Vorteil verscha… [+4185 chars]",,de,'Krieg'
https://www.welt.de/wirtschaft/article243043323/Bundesnetzagentur-haelt-Gasmangel-diesen-Winter-fuer-zunehmend-unwahrscheinlich.html,https://www.welt.de/wirtschaft/article243043323/Bundesnetzagentur-haelt-Gasmangel-diesen-Winter-fuer-zunehmend-unwahrscheinlich.html,0,www.welt.de,Bundesnetzagentur hält Gasmangel diesen Winter für „zunehmend unwahrscheinlich“,"Dass Deutschland in den nächsten Monaten das Gas ausgeht, ist laut Bundesnetzagentur unwahrscheinlich. Gründe dafür seien zusätzliche Importe aus anderen Ländern und weitere Einsparungen beim Verbrauch.",https://img.welt.de/img/regionales/niedersachsen/mobile243000061/4291358267-ci16x9-w1200/Pipelineanbindung-fuer-das-LNG-Terminal.jpg,2023-01-05T13:26:13Z,https://web.archive.org/web/20230105134500/http://www.welt.de/wirtschaft/article243043323/Bundesnetzagentur-haelt-Gasmangel-diesen-Winter-fuer-zunehmend-unwahrscheinlich.html,"In der Gaskrise gibt die Bundesnetzagentur leichte Entwarnung. Wie aus dem am Donnerstag publizierten Lagebericht der Behörde hervorgeht, wird aus ihrer Sicht eine Gasmangellage in diesem Winter zune… [+816 chars]",,de,'Gas'
https://www.zeit.de/news/2023-01/05/neuer-marktplatz-in-karlshorst-heisst-kuenftig-odesaplatz,https://www.zeit.de/news/2023-01/05/neuer-marktplatz-in-karlshorst-heisst-kuenftig-odesaplatz,0,www.zeit.de,Zeichen gegen Krieg: Neuer Marktplatz in Karlshorst heißt künftig «Odesaplatz»,,,2023-01-05T14:28:05Z,https://web.archive.org/web/20230105145334/https://www.zeit.de/news/2023-01/05/neuer-marktplatz-in-karlshorst-heisst-kuenftig-odesaplatz,"When browsing with ads:
We collect personal data and also transmit it to third-party providers
 that help us improve and finance our digital content. Some of the information stored on your device, … [+732 chars]",,de,'Krieg'
https://www.tagesschau.de/ausland/europa/putin-ordnet-feuerpause-an-101.html,https://www.tagesschau.de/ausland/europa/putin-ordnet-feuerpause-an-101.html,0,www.tagesschau.de,Über orthodoxe Weihnachten: Putin ordnet Feuerpause in Ukraine an,Kurz vor dem orthodoxen Weihnachtsfest hat Russlands Präsident Putin eine Feuerpause in der Ukraine angekündigt. Von Freitagmittag bis in die Nacht sollen laut Kreml russische Soldaten das Feuer einstellen.,https://www.tagesschau.de/multimedia/bilder/putin-1083~_v-original.jpg,2023-01-05T15:22:10Z,https://web.archive.org/web/20230105155318/https://www.tagesschau.de/ausland/europa/putin-ordnet-feuerpause-an-101.html,Kurz vor dem orthodoxen Weihnachtsfest hat Russlands Präsident Putin eine Feuerpause in der Ukraine angekündigt. Von Freitagmittag bis in die Nacht sollen laut Kreml russische Soldaten das Feuer eins… [+1918 chars],,de,'Russland'
https://www.zeit.de/news/2023-01/05/putin-ordnet-feuerpause-ueber-orthodoxe-weihnachten-an,https://www.zeit.de/news/2023-01/05/putin-ordnet-feuerpause-ueber-orthodoxe-weihnachten-an,0,www.zeit.de,Krieg: Putin ordnet Feuerpause über orthodoxe Weihnachten an,,,2023-01-05T15:25:00Z,https://web.archive.org/web/20230106064438/https://www.zeit.de/news/2023-01/05/putin-ordnet-feuerpause-ueber-orthodoxe-weihnachten-an,"When browsing with ads:
We collect personal data and also transmit it to third-party providers
 that help us improve and finance our digital content. Some of the information stored on your device, … [+732 chars]",,de,'Krieg'
https://www.nzz.ch/meinung/corona-das-nationale-pandemie-ende-muss-jetzt-verkuendet-werden-ld.1719682,https://www.nzz.ch/meinung/corona-das-nationale-pandemie-ende-muss-jetzt-verkuendet-werden-ld.1719682,0,www.nzz.ch,"KOMMENTAR - Warum so feige, liebe Politiker? Ihr dürft getrost das Ende der Corona-Pandemie verkünden","Offenbar fällt es vielen schwer zu begreifen, dass das Coronavirus in Deutschland und der Schweiz mittlerweile keine pandemische Bedrohung mehr ist. Wir dürfen und müssen nun damit umgehen wie mit anderen Erregern, sei es Grippe, Masern oder HIV.","https://img.nzz.ch/2023/01/05/928c8970-f165-4a96-9c20-5a7e986f58a0.jpeg?width=1200&height=675&fit=bound&quality=75&auto=webp&crop=6000,3375,x0,y129&wmark=nzz",2023-01-05T17:00:00Z,,"Die pandemische Phase ist bei uns zu Ende. Das dürfen wir feiern wie hier Menschen in einem Club in London.
Stephanie Lahrtz, Redaktorin im Ressort Wissenschaft und Technologie.
Sie lesen einen Aus… [+4365 chars]",,de,'Bedrohung'
https://www.welt.de/politik/ausland/article243035183/Ukraine-News-Biden-sieht-Waffenruhe-als-Versuch-Putins-sich-Luft-zu-verschaffen.html,https://www.welt.de/politik/ausland/article243035183/Ukraine-News-Biden-sieht-Waffenruhe-als-Versuch-Putins-sich-Luft-zu-verschaffen.html,0,www.welt.de,"Biden sieht Waffenruhe als Versuch Putins, sich „Luft zu verschaffen“","US-Präsident Joe Biden hält wenig von der Ankündigung des Kremls für eine Waffenruhe am orthodoxen Weihnachtsfest. Russland habe am 25. Dezember „Krankenhäuser und Kirchen“ bombardiert, sagte Biden. Er sieht das Angebot als Versuch, sich „Luft zu verschaffen“…",https://img.welt.de/img/debatte/kommentare/mobile242453547/8561357007-ci16x9-w1200/US-President-Joe-Biden-speaks-durin.jpg,2023-01-05T17:49:00Z,https://web.archive.org/web/20230105202647/https://www.welt.de/politik/ausland/article243035183/Ukraine-News-Biden-sieht-Waffenruhe-als-Versuch-Putins-sich-Luft-zu-verschaffen.html,"US-Präsident Joe Biden hat die vom russischen Präsidenten Wladimir Putin anlässlich des orthodoxen Weihnachtsfests angeordnete Feuerpause in der Ukraine als Versuch Moskaus kritisiert, sich eine Atem… [+17405 chars]",,de,'Putin'
https://www.zeit.de/news/2023-01/05/umfrage-mehrheit-erwartet-kein-ende-von-ukraine-krieg-2023,https://www.zeit.de/news/2023-01/05/umfrage-mehrheit-erwartet-kein-ende-von-ukraine-krieg-2023,0,www.zeit.de,Krieg: Umfrage: Mehrheit erwartet kein Ende von Ukraine-Krieg 2023,,,2023-01-05T19:35:15Z,https://web.archive.org/web/20230105200637/https://www.zeit.de/news/2023-01/05/umfrage-mehrheit-erwartet-kein-ende-von-ukraine-krieg-2023,"When browsing with ads:
We collect personal data and also transmit it to third-party providers
 that help us improve and finance our digital content. Some of the information stored on your device, … [+732 chars]",,de,'Krieg'
https://www.basicthinking.de/blog/2023/01/05/wasserstoff-klimakiller/,https://www.basicthinking.de/blog/2023/01/05/wasserstoff-klimakiller/,0,www.basicthinking.de,Energiekrise: Wasserstoff könnte zu einem echten Klimaproblem werden,"Eine aktuelle Untersuchung legt nahe, dass Wasserstoff unter gewissen Umständen zu einem echten Klimakiller werden könnte. Das Gas sollte nämlich auf keinen Fall in die Atmosphäre entweichen. Ansonsten richtet es womöglich größeren Schaden an als CO2.  Vor al…",https://www.basicthinking.de/blog/wp-content/uploads/2023/01/wasserstoff.jpeg,2023-01-05T20:45:22Z,https://web.archive.org/web/20230105204603/https://www.basicthinking.de/blog/2023/01/05/wasserstoff-klimakiller/,"Eine aktuelle Untersuchung legt nahe, dass Wasserstoff unter gewissen Umständen zu einem echten Klimakiller werden könnte. Das Gas sollte nämlich auf keinen Fall in die Atmosphäre entweichen. Ansonst… [+2221 chars]",,de,'Gas'
https://www.tagesschau.de/newsticker/liveblog-ukraine-freitag-219.html,https://www.tagesschau.de/newsticker/liveblog-ukraine-freitag-219.html,0,www.tagesschau.de,"Liveblog: ++ Selenskyj: Putins Waffenruhe ist ""Deckmantel"" ++","Der ukrainische Präsident Selenskyj sagt, Putins Waffenruhe-Vorschlag sei ein ""Deckmantel"". Laut den USA strebt ein Putin-Verbündeter die Kontrolle über Rohstoffe aus Minen bei Bachmut an. Alle Entwicklungen im Liveblog.",https://www.tagesschau.de/multimedia/bilder/selenskyj-365~_v-original.jpg,2023-01-06T00:12:17Z,https://web.archive.org/web/20230106001258/http://www.tagesschau.de/newsticker/liveblog-ukraine-freitag-219.html,"Der ukrainische Präsident Selenskyj sagt, Putins Waffenruhe-Vorschlag sei ein ""Deckmantel"". Laut den USA strebt ein Putin-Verbündeter die Kontrolle über Rohstoffe aus Minen bei Bachmut an. Alle Entwi… [+1440 chars]",,de,'Putin'
https://www.tagesschau.de/ausland/amerika/meciko-el-chapo-sohn-101.html,https://www.tagesschau.de/ausland/amerika/meciko-el-chapo-sohn-101.html,0,www.tagesschau.de,"Schlag gegen Sinaloa-Kartell: Sohn von ""El Chapo"" in Mexiko gefasst","Mexikanische Sicherheitskräfte haben einen Sohn des früheren Drogenkartellchefs Joaquín ""El Chapo"" Guzmán festgenommen. Anschießend lieferten sich mutmaßliche Bandenmitglieder und Sicherheitskräfte über Stunden hinweg Kämpfe.",https://www.tagesschau.de/multimedia/bilder/mexiko-el-chapo-sohn-festnahme-101~_v-original.jpg,2023-01-06T02:14:14Z,https://web.archive.org/web/20230106021522/http://www.tagesschau.de/ausland/amerika/meciko-el-chapo-sohn-101.html,"Mexikanische Sicherheitskräfte haben einen Sohn des früheren Drogenkartellchefs Joaquín ""El Chapo"" Guzmán festgenommen. Anschießend lieferten sich mutmaßliche Bandenmitglieder und Sicherheitskräfte ü… [+3079 chars]",,de,'Kämpfe'
https://www.welt.de/politik/ausland/article243054235/Ukraine-News-Selenskyj-sieht-Waffenruhe-als-Deckmantel.html,https://www.welt.de/politik/ausland/article243054235/Ukraine-News-Selenskyj-sieht-Waffenruhe-als-Deckmantel.html,0,www.welt.de,Selenskyj hält angekündigte Waffenruhe für einen „Deckmantel“,"Nach der Ankündigung einer vorübergehenden Waffenruhe stellt Präsident Wolodymyr Selenskyj die russischen Motive infrage. Er wirft Putin vor, das orthodoxe Weihnachtsfest zu nutzen, um den ukrainischen Vormarsch zu stoppen. Mehr im Liveticker.",https://img.welt.de/img/politik/ausland/mobile243054255/3241353037-ci16x9-w1200/Ein-Held-fuer-die-Welt.jpg,2023-01-06T05:26:43Z,https://web.archive.org/web/20230106052908/https://www.welt.de/politik/ausland/article243054235/Ukraine-News-Selenskyj-sieht-Waffenruhe-als-Deckmantel.html,Der ukrainische Präsident Wolodymyr Selenskyj hat skeptisch auf die Anordnung einer Waffenruhe in der Ukraine zum orthodoxen Weihnachtsfest durch den russischen Präsidenten Wladimir Putin reagiert. I… [+3510 chars],,de,'Putin'
https://www.welt.de/vermischtes/article243054291/Sohn-von-El-Chapo-in-Mexiko-festgenommen-Kaempfe-brechen-aus.html,https://www.welt.de/vermischtes/article243054291/Sohn-von-El-Chapo-in-Mexiko-festgenommen-Kaempfe-brechen-aus.html,0,www.welt.de,Sohn von „El Chapo“ festgenommen – Stundenlange Kämpfe brechen aus,"Sein Vater war einer der mächtigen Drogenhändler der Welt: Jetzt ist ein Sohn von „El Chapo“ in Mexiko festgenommen worden. Kurz darauf griffen Bandenmitglieder einen Flughafen und eine Kaserne an, ein Polizist kam ums Leben.",https://img.welt.de/img/vermischtes/mobile243054297/0291355217-ci16x9-w1200/Bandenkriminalitaet-in-Mexiko.jpg,2023-01-06T05:46:11Z,https://web.archive.org/web/20230106055114/https://www.welt.de/vermischtes/article243054291/Sohn-von-El-Chapo-in-Mexiko-festgenommen-Kaempfe-brechen-aus.html,Nach der Festnahme eines Sohns des inhaftierten Drogenbosses Joaquín El Chapo Guzmán haben sich im Nordwesten von Mexiko mutmaßliche Bandenmitglieder und Sicherheitskräfte über Stunden hinweg Kämpfe … [+2849 chars],,de,'Kämpfe'
https://www.tagesschau.de/ausland/europa/putin-ordnet-feuerpause-an-103.html,https://www.tagesschau.de/ausland/europa/putin-ordnet-feuerpause-an-103.html,0,www.tagesschau.de,"Krieg gegen die Ukraine: Kiew nennt Feuerpause""zynische Falle""","Die von Kremlchef Putin angekündigte Feuerpause zum orthodoxen Weihnachtsfest stößt in der Ukraine auf wenig Begeisterung. Präsident Selenskyj sprach von einem ""Deckmantel"", auch westliche Politiker reagierten zurückhaltend.",https://www.tagesschau.de/multimedia/bilder/selenskyj-ukraine-173~_v-original.jpg,2023-01-06T08:35:26Z,https://web.archive.org/web/20230106083615/http://www.tagesschau.de/ausland/europa/putin-ordnet-feuerpause-an-103.html,"Die von Kremlchef Putin angekündigte Feuerpause zum orthodoxen Weihnachtsfest stößt in der Ukraine auf wenig Begeisterung. Präsident Selenskyj sprach von einem ""Deckmantel"", auch westliche Politiker … [+5005 chars]",,de,'Ukraine'
https://hallespektrum.de/nachrichten/wirtschaft/gemeinsam-durch-die-energiekrise-stadt-ruft-zur-solidaritaet-auf/430325/,https://hallespektrum.de/nachrichten/wirtschaft/gemeinsam-durch-die-energiekrise-stadt-ruft-zur-solidaritaet-auf/430325/,0,hallespektrum.de,Gemeinsam durch die Energiekrise – Stadt ruft zur Solidarität auf,"Die Stadt Halle (Saale) und die Stadtwerke Halle GmbH rufen die Einwohnerinnen und Einwohner sowie ihre Kundinnen und Kunden zum sparsamen Umgang mit Energie und zur Ressourcenschonung auf. Im Zuge der Energiekrise, verschärft durch den Ukraine-Krieg, sind di…",https://hallespektrum.de/wp-content/uploads/2022/10/Gaspreis.jpg,2023-01-06T09:15:30Z,https://web.archive.org/web/20230106092005/https://hallespektrum.de/nachrichten/wirtschaft/gemeinsam-durch-die-energiekrise-stadt-ruft-zur-solidaritaet-auf/430325/,"Die Stadt Halle (Saale) und die Stadtwerke Halle GmbH rufen die Einwohnerinnen und Einwohner sowie ihre Kundinnen und Kunden zum sparsamen Umgang mit Energie und zur Ressourcenschonung auf.
Im Zuge … [+2414 chars]",,de,'Ukraine'
https://www.faz.net/aktuell/politik/ukraine-liveticker-feuerpause-nach-russischen-angaben-in-kraft-getreten-18495964.html,https://www.faz.net/aktuell/politik/ukraine-liveticker-feuerpause-nach-russischen-angaben-in-kraft-getreten-18495964.html,0,www.faz.net,Ukraine-Liveblog: Feuerpause nach russischen Angaben in Kraft getreten,Zahl der Kriegsdienstverweigerer in Deutschland fast verfünffacht +++ EU-Ratschef: Russische Ankündigung einer Waffenruhe ist heuchlerisch +++ Erdogan ruft Putin zu „einseitiger Waffenruhe“ auf +++ alle Entwicklungen im Liveblog.,https://media0.faz.net/ppmedia/aktuell/3339699078/1.8582940/facebook_teaser/weihnachtliche-stimmung-in.jpg,2023-01-06T09:50:00Z,https://web.archive.org/web/20230106095610/https://www.faz.net/aktuell/politik/ukraine-liveticker-feuerpause-nach-russischen-angaben-in-kraft-getreten-18495964.html,In seinem täglichen Lagebericht zum Ukrainekrieg schreibt das britische Verteidigungsministerium:Die Milizen der Volksrepublik Luhansk (LNR) und der Volksrepublik Donezk (DNR) wurden am 31. Dezember … [+941 chars],,de,'Krieg'
https://www.kino.de/serie/the-walking-dead-dead-city/news/dead-city-walking-dead-fanlieblinge-erwartet-in-neuer-serie-eine-grosse-bedrohung/,https://www.kino.de/serie/the-walking-dead-dead-city/news/dead-city-walking-dead-fanlieblinge-erwartet-in-neuer-serie-eine-grosse-bedrohung/,0,www.kino.de,„Dead City“: „Walking Dead“-Fanlieblinge erwartet in neuer Serie eine „große Bedrohung“,Das kommende „Walking Dead“-Spin-off rund um Maggie und Negan startet schon in wenigen Monaten. Nun wurden neue Details zur Handlung bekannt gegeben.,https://crops.giga.de/cc/7a/28/e82d3ca93f885573d51713306f_YyA0NDQyeDI0OTgrMzMrNTECcmUgMTkyMCAxMDgwA2NhZWRhZjUzMTM2.jpg,2023-01-06T10:04:30Z,,"Das kommende „Walking Dead“-Spin-off rund um Maggie und Negan startet schon in wenigen Monaten. Nun wurden neue Details zur Handlung bekannt gegeben.
The Walking Dead - Dead City
The Walking Dead -… [+2790 chars]",,de,'Bedrohung'
https://www.morgenpost.de/lifestyle/wohnen/article237301827/Kuehlschraenke-arbeiten-im-Kuehlen-sparsamer.html,https://www.morgenpost.de/lifestyle/wohnen/article237301827/Kuehlschraenke-arbeiten-im-Kuehlen-sparsamer.html,0,www.morgenpost.de,Kein Tropen-Feeling: Kühlschränke arbeiten im Kühlen sparsamer,"Wer Möbel rückt, kann Energie sparen. Etwa, wenn der Kühlschrank einen Standort so weit wie möglich weg vom Herd oder dem sonnigen Fenster bekommt.",https://img.morgenpost.de/img/wohnen/crop237301823/1052602764-w820-cv16_9-q85/Kein-Tropen-Feeling-Kuehlschraenke-arbeiten-im-Kuehlen-sparsamer.jpg,2023-01-06T10:39:38Z,https://web.archive.org/web/20230106120907/https://www.morgenpost.de/lifestyle/wohnen/article237301827/Kuehlschraenke-arbeiten-im-Kuehlen-sparsamer.html,"Berlin (dpa/tmn). Ein Kühlschrank verbraucht weniger Strom, wenn er nicht neben einem Heizkörper, dem Herd oder Backofen steht. Gleiches gilt für einen Standort in der direkten Sonneneinstrahlung, di… [+1379 chars]",,de,'Energie sparen'
https://www.stern.de/gesellschaft/regional/baden-wuerttemberg/austellung--zwischen-zwei-welten--ukrainische-kuenstler-im-zkm--33074934.html,https://www.stern.de/gesellschaft/regional/baden-wuerttemberg/austellung--zwischen-zwei-welten--ukrainische-kuenstler-im-zkm--33074934.html,0,www.stern.de,Austellung: Zwischen zwei Welten: Ukrainische Künstler im ZKM,"Sie leben hier im Frieden, doch ihre Familie und ihre Freunde sind im Krieg: Vom Zwiespalt ukrainischer Kunststipendiaten erzählt eine Präsentation im Karlsruher ZKM. Unter dem Titel ""On the Boundary of Two Worlds"" (""An der Grenze zwischen zwei Welten"") werde…",https://image.stern.de/6681672/t/31/v5/w1440/r1.7778/-/video-fallback-image.jpg,2023-01-06T10:54:31Z,https://web.archive.org/web/20230106111522/https://www.stern.de/gesellschaft/regional/baden-wuerttemberg/austellung--zwischen-zwei-welten--ukrainische-kuenstler-im-zkm--33074934.html,"Sie leben hier im Frieden, doch ihre Familie und ihre Freunde sind im Krieg: Vom Zwiespalt ukrainischer Kunststipendiaten erzählt eine Präsentation im Karlsruher ZKM. Unter dem Titel ""On the Boundary… [+2094 chars]",,de,'Krieg'
https://www.stern.de/gesellschaft/regional/baden-wuerttemberg/austellung-im-zkm--krieg-und-frieden--der-zwiespalt-ukrainischer-kuenstler-33075092.html,https://www.stern.de/gesellschaft/regional/baden-wuerttemberg/austellung-im-zkm--krieg-und-frieden--der-zwiespalt-ukrainischer-kuenstler-33075092.html,0,www.stern.de,Austellung im ZKM: Krieg und Frieden: Der Zwiespalt ukrainischer Künstler,"Einerseits das große Los, andererseits Gewissensbisse - ukrainische Künstler im Ausland sind zwischen zwei Welten hin- und hergerissen. Am Karlsruher ZKM zeigen Stipendiatinnen, was sie bewegt.",https://image.stern.de/6681672/t/31/v5/w1440/r1.7778/-/video-fallback-image.jpg,2023-01-06T11:25:07Z,https://web.archive.org/web/20230106113720/https://www.stern.de/gesellschaft/regional/baden-wuerttemberg/austellung-im-zkm--krieg-und-frieden--der-zwiespalt-ukrainischer-kuenstler-33075092.html,"Einerseits das große Los, andererseits Gewissensbisse - ukrainische Künstler im Ausland sind zwischen zwei Welten hin- und hergerissen. Am Karlsruher ZKM zeigen Stipendiatinnen, was sie bewegt.
Es i… [+4115 chars]",,de,'Krieg'
https://www.welt.de/politik/ausland/article243054235/Ukraine-News-Praesidialbuero-meldet-russischen-Beschuss-nach-Beginn-der-Waffenruhe.html,https://www.welt.de/politik/ausland/article243054235/Ukraine-News-Praesidialbuero-meldet-russischen-Beschuss-nach-Beginn-der-Waffenruhe.html,0,www.welt.de,Ukraine meldet russischen Beschuss nach Beginn der Feuerpause,Unmittelbar nach Beginn der einseitigen Feuerpause meldet die Ukraine russischen Beschuss in den Städten Kramatorsk und Bachmut. Offiziell soll die Feuerpause während des orthodoxen Weihnachtsfestes noch bis Samstagabend gelten. Mehr im Liveticker.,https://img.welt.de/img/politik/ausland/mobile243061557/6921357597-ci16x9-w1200/British-volunteers-Chris-and-Dave-search-for-local-residents-to-e.jpg,2023-01-06T11:50:00Z,https://web.archive.org/web/20230106121355/https://www.welt.de/politik/ausland/article243054235/Ukraine-News-Praesidialbuero-meldet-russischen-Beschuss-nach-Beginn-der-Waffenruhe.html,In den ostukrainischen Städten Kramatorsk und Bachmut hat es am Freitag trotz der einseitig von Russlands Präsident Wladimir Putin angeordneten Waffenruhe nach jüngsten Angaben Gefechte gegeben. Die … [+15025 chars],,de,'Kämpfe'
https://www.nzz.ch/feuilleton/sorgfaltspflicht-bei-kriegsverbrechen-replik-auf-reinhard-merkel-ld.1720033,https://www.nzz.ch/feuilleton/sorgfaltspflicht-bei-kriegsverbrechen-replik-auf-reinhard-merkel-ld.1720033,0,www.nzz.ch,Sorgfaltspflicht bei Kriegsverbrechen – der deutsche Rechtsphilosoph Reinhard Merkel schiebt der Ukraine in zweifelhafter Weise Verantwortung zu,"Man sollte meinen, dass bei der durch nichts begründbaren russischen Invasion der Ukraine die moralischen und damit auch rechtlichen Fronten klar sind. Seit 2014 baut der Rechtsphilosoph Reinhard Merkel jedoch seine völkerrechtlichen Positionen zur Ukraine au…","https://img.nzz.ch/2023/01/06/0c192b42-40e4-4e1b-b791-c9b1c947facc.jpeg?width=1200&height=674&fit=bound&quality=75&auto=webp&crop=3252,1827,x0,y88&wmark=nzz",2023-01-06T12:00:00Z,https://web.archive.org/web/20230106122441/https://www.nzz.ch/feuilleton/sorgfaltspflicht-bei-kriegsverbrechen-replik-auf-reinhard-merkel-ld.1720033,"Präsident Wladimir Putin markiert machohaft Präsenz auf der Krim. Sewastopol, August 2019.
Der russische Angriffskrieg gegen die Ukraine hat seit dem 24. Februar 2022 zu grausamen Kriegsverbrechen a… [+11570 chars]",,de,'Krieg'
https://www.morgenpost.de/politik/article237301307/marder-ukraine-deutschland-panzer-bundeswehr.html,https://www.morgenpost.de/politik/article237301307/marder-ukraine-deutschland-panzer-bundeswehr.html,0,www.morgenpost.de,Krieg in der Ukraine: Deutschland liefert Marder: Was der Schützenpanzer kann,"Deutschland unterstützt die Ukraine mit Schützenpanzern. Was kann der Marder, wo kommt er zum Einsatz – und folgen bald Kampfpanzer?",https://img.morgenpost.de/img/incoming/crop237301989/2912601664-w820-cv16_9-q85/McK20220511-872546.jpg,2023-01-06T12:15:17Z,https://web.archive.org/web/20230106122852/https://www.morgenpost.de/politik/article237301307/marder-ukraine-deutschland-panzer-bundeswehr.html,"Berlin. Lange hat sich Berlin geziert, am Ende war der Druck zu groß: Deutschland wird der Ukraine Panzer liefern. Nicht mehr länger geht es dabei um Flugabwehr und damit Verteidigung. Mit dem angekü… [+6427 chars]",,de,'Krieg'
https://www.focus.de/politik/ausland/ukraine-krise/ukrainischer-geheimdienst-enthuellt-putin-will-atomwaffen-auf-die-krim-verlegen_id_182303701.html,https://www.focus.de/politik/ausland/ukraine-krise/ukrainischer-geheimdienst-enthuellt-putin-will-atomwaffen-auf-die-krim-verlegen_id_182303701.html,0,www.focus.de,Stationierung auf Krim und Belarus - Ukrainischer Geheimdienst enthüllt Putins Atomwaffen-Plan,"Immer wieder droht Putin mit dem Einsatz von nuklearen Waffen. Der Sprecher des ukrainischen Militärgeheimdienstes berichtet nun, dass der Kreml plane, Atomwaffen auf der Krim und in Belarus zu stationieren.Von FOCUS-online-Autorin Sarah Werner",https://p6.focus.de/img/politik/ausland/id_131736927/wladimir-putin-r-praesident-von-russland-und-alexander-lukaschenko-praesident-von-belarus-nach-einer-gemeinsamen-pressekonferenz..jpg?im=Crop%3D%280%2C0%2C2048%2C1024%29%3BResize%3D%281200%2C627%29&hash=6c3302f54e314893adcd1cb00f2f3b18b4063c2d9c013a393cc447228dc55fe3,2023-01-06T12:21:29Z,https://web.archive.org/web/20230106122900/https://www.focus.de/politik/ausland/ukraine-krise/ukrainischer-geheimdienst-enthuellt-putin-will-atomwaffen-auf-die-krim-verlegen_id_182303701.html,"Immer wieder droht Putin mit dem Einsatz von nuklearen Waffen. Der Sprecher des ukrainischen Militärgeheimdienstes berichtet nun, dass der Kreml plane, Atomwaffen auf der Krim und in Belarus zu stati… [+2631 chars]",,de,'Putin'
https://www.zeit.de/wirtschaft/2023-01/energiepreise-verbraucher-sparen-preisbremsen,https://www.zeit.de/wirtschaft/2023-01/energiepreise-verbraucher-sparen-preisbremsen,0,www.zeit.de,Energiepreise: Wie teure Energie die Haushaltskasse schont,"Die Preise für Strom und Gas steigen. Je mehr die Versorger dafür verlangen, umso mehr lohnt sich das Sparen für Verbraucher – den staatlichen Preisbremsen sei Dank.",,2023-01-06T12:41:29Z,https://web.archive.org/web/20230106132154/https://www.zeit.de/wirtschaft/2023-01/energiepreise-verbraucher-sparen-preisbremsen,"When browsing with ads:
We collect personal data and also transmit it to third-party providers
 that help us improve and finance our digital content. Some of the information stored on your device, … [+732 chars]",,de,'Gas'
https://www.tagesschau.de/ausland/europa/ukraine-feuerpause-beschuss-101.html,https://www.tagesschau.de/ausland/europa/ukraine-feuerpause-beschuss-101.html,0,www.tagesschau.de,Ukraine: Berichte über Angriffe trotz Waffenruhe,"Seit 10 Uhr deutscher Zeit sollten die Waffen schweigen, so hatte es Russlands Präsident Putin angekündigt. Doch die Feuerpause zum orthodoxen Weihnachtsfest scheint bereits gebrochen: Beide Seiten meldeten den Beschuss mehrerer Städte.",https://www.tagesschau.de/multimedia/bilder/cherson-169~_v-original.jpg,2023-01-06T12:46:09Z,https://web.archive.org/web/20230106124649/http://www.tagesschau.de/ausland/europa/ukraine-feuerpause-beschuss-101.html,"Seit 10 Uhr deutscher Zeit sollten die Waffen schweigen, so hatte es Russlands Präsident Putin angekündigt. Doch die Feuerpause zum orthodoxen Weihnachtsfest scheint bereits gebrochen: Beide Seiten m… [+4526 chars]",,de,'Kämpfe'
https://www.sueddeutsche.de/muenchen/muenchen-stadtwerke-florian-bieberbach-energiepreise-interview-1.5727810,https://www.sueddeutsche.de/muenchen/muenchen-stadtwerke-florian-bieberbach-energiepreise-interview-1.5727810,0,www.sueddeutsche.de,"SWM: Stadtwerke-Chef: ""Die letzte Gasheizung wird vielleicht erst 2045 abgeschaltet""","Florian Bieberbach erklärt, warum München bei Energie zurzeit zu den teuersten Großstädten Deutschlands gehört - es Preisbremsen aber nicht gebraucht hätte. Ein Gespräch über die Notwendigkeit, Gas zu sparen, und Energie-Prognosen für 2023.",https://www.sueddeutsche.de/image/sz.1.5727811/1200x675?v=1673013838,2023-01-06T13:33:05Z,https://web.archive.org/web/20230106185352/https://www.sueddeutsche.de/muenchen/muenchen-stadtwerke-florian-bieberbach-energiepreise-interview-1.5727810,"6. Januar 2023, 14:33 UhrLesezeit: 6 min
Florian Bieberbach ist seit Januar 2013 Vorsitzender der Geschäftsführung der Stadtwerke München GmbH (SWM). Er sagt: ""Die Mehrzahl der Kunden rief nicht weg… [+798 chars]",,de,'Gas'
https://www.focus.de/gesundheit/ratgeber/gehirn/studie-mit-25-000-schlaganfallpatienten-wie-stark-stress-ihr-risiko-fuer-einen-schlaganfall-steigert-und-wie-sie-es-senken_id_182126938.html,https://www.focus.de/gesundheit/ratgeber/gehirn/studie-mit-25-000-schlaganfallpatienten-wie-stark-stress-ihr-risiko-fuer-einen-schlaganfall-steigert-und-wie-sie-es-senken_id_182126938.html,0,www.focus.de,Studie mit 25.000 Personen - Wie stark Stress Ihr Risiko für einen Schlaganfall steigert und wie Sie es senken,"Stress ist ungesund, das ist bekannt. Eine neue Studie mit mehr als 25.000 Probanden belegt jetzt den Zusammenhang zwischen einem hohen Stresslevel und dem Risiko, einen Schlaganfall zu erleiden. Es gibt jedoch einen Faktor, der es wieder senken kann.Von FOCU…",https://p6.focus.de/img/fotos/id_108083790/schlaganfall-die-forschenden-kamen-zu-dem-ergebnis-dass-mehr-als-zwei-drittel-der-patienten-mindestens-einen-bislang-nicht-diagnostizierten-hauptrisikofaktor-hatten.-.jpg?im=Crop%3D%280%2C288%2C3464%2C1732%29%3BResize%3D%281200%2C627%29&impolicy=perceptual&quality=medium&hash=8e9477cbc51555c149c8cc309690eb09fa78e61b7029ebe59d59d9b4bc7f3d89,2023-01-06T13:35:18Z,https://web.archive.org/web/20230106135553/https://www.focus.de/gesundheit/ratgeber/gehirn/studie-mit-25-000-schlaganfallpatienten-wie-stark-stress-ihr-risiko-fuer-einen-schlaganfall-steigert-und-wie-sie-es-senken_id_182126938.html,"Stress ist ungesund, das ist bekannt. Eine neue Studie mit mehr als 25.000 Probanden belegt jetzt den Zusammenhang zwischen einem hohen Stresslevel und dem Risiko, einen Schlaganfall zu erleiden. Es … [+6512 chars]",,de,'Risiko'
https://www.tagesschau.de/inland/innenpolitik/lieferung-marder-ukraine-101.html,https://www.tagesschau.de/inland/innenpolitik/lieferung-marder-ukraine-101.html,0,www.tagesschau.de,"""Marder"" für die Ukraine: Warum der Panzer-Streit nicht beendet ist","Die Bundesregierung liefert der Ukraine nun doch Schützenpanzer. Ein bedeutender Schritt, <em>analysiert Kai Küstner</em>, aber auch ein später. Und die nächste Debatte hat bereits begonnen.",https://www.tagesschau.de/multimedia/bilder/scholz-panzer-103~_v-original.jpg,2023-01-06T14:42:47Z,https://web.archive.org/web/20230106144434/http://www.tagesschau.de/inland/innenpolitik/lieferung-marder-ukraine-101.html,"Die Bundesregierung liefert der Ukraine nun doch Schützenpanzer. Ein bedeutender Schritt, aber auch ein später. Und die nächste Debatte hat bereits begonnen.
Die deutsche Unterstützung für die Ukrai… [+4558 chars]",,de,'Ukraine'
https://www.tagesschau.de/ausland/amerika/mexiko-el-chapo-sohn-kaempfe-101.html,https://www.tagesschau.de/ausland/amerika/mexiko-el-chapo-sohn-kaempfe-101.html,0,www.tagesschau.de,"29 Tote bei Kämpfen nach Festnahme von ""El Chapo""-Sohn in Mexiko","Stundenlang haben sich Bandenmitglieder und Sicherheitskräfte in Mexiko heftige Kämpfe geliefert. Dabei sind nach Angaben des Verteidigungsministers 29 Menschen gestorben. Auslöser war die Festnahme eines ""El Chapo""-Sohnes.",https://www.tagesschau.de/multimedia/bilder/mexiko-655~_v-original.jpg,2023-01-06T16:23:25Z,https://web.archive.org/web/20230106162410/http://www.tagesschau.de/ausland/amerika/mexiko-el-chapo-sohn-kaempfe-101.html,Stundenlang haben sich Bandenmitglieder und Sicherheitskräfte in Mexiko heftige Kämpfe geliefert. Dabei sind nach Angaben des Verteidigungsministers 29 Menschen gestorben. Auslöser war die Festnahme … [+1830 chars],,de,'Kämpfe'
https://www.faz.net/aktuell/feuilleton/buecher/autoren/der-lyriker-grigory-semenchuk-aus-der-ukraine-dichtet-im-krieg-18583095.html,https://www.faz.net/aktuell/feuilleton/buecher/autoren/der-lyriker-grigory-semenchuk-aus-der-ukraine-dichtet-im-krieg-18583095.html,0,www.faz.net,Der Nachbar in Kriegsuniform: Lyrik in der Ukraine,Warum dichten so viele in der Ukraine? Und können Gedichte Menschen in Kriegszeiten helfen? Eine Begegnung mit dem ukrainischen Poeten Grigory Semenchuk in Lwiw.,https://media1.faz.net/ppmedia/aktuell/3357346772/1.8583109/facebook_teaser/grigory-semenchuk-wurde-1991.jpg,2023-01-07T17:45:22Z,,"Poeten sind Betrüger. So ähnlich schrieb das Marcel Reich-Ranicki, schrieb über Dichter: Sie seien die, die nichts zu sagen haben, doch unbedingt gehört werden wollen, die singen wollen, weil sie nic… [+5419 chars]",,de,'Krieg'
https://www.stern.de/politik/ausland/russische-invasion--krieg-gegen-die-ukraine--so-ist-die-lage-33078234.html,https://www.stern.de/politik/ausland/russische-invasion--krieg-gegen-die-ukraine--so-ist-die-lage-33078234.html,0,www.stern.de,Russische Invasion: Krieg gegen die Ukraine: So ist die Lage,36 Stunden lang sollten Russlands Waffen schweigen - so hatte Moskau es angesichts der orthodoxen Weihnacht versprochen. Doch am Ende war das aus Kiewer Sicht nur Propaganda. Die News im Überblick.,https://image.stern.de/33078236/t/KV/v1/w1440/r1.7778/-/08--urnnewsmldpacom2009010123010899140914v3w800h600l491t327r1771b1180jpeg---e73e294747c84138.jpg,2023-01-08T04:09:24Z,,"36 Stunden lang sollten Russlands Waffen schweigen - so hatte Moskau es angesichts der orthodoxen Weihnacht versprochen. Doch am Ende war das aus Kiewer Sicht nur Propaganda. Die News im Überblick.
… [+4918 chars]",,de,'Ukraine'
https://www.morgenpost.de/politik/ausland/article237312185/Krieg-gegen-die-Ukraine-So-ist-die-Lage.html,https://www.morgenpost.de/politik/ausland/article237312185/Krieg-gegen-die-Ukraine-So-ist-die-Lage.html,0,www.morgenpost.de,Russische Invasion: Krieg gegen die Ukraine: So ist die Lage,36 Stunden lang sollten Russlands Waffen schweigen - so hatte Moskau es angesichts der orthodoxen Weihnacht versprochen. Doch am Ende war das aus Kiewer Sicht nur Propaganda. Die News im Überblick.,https://img.morgenpost.de/img/ausland/crop237312183/0612606628-w820-cv16_9-q85/Bohorodychne.jpg,2023-01-08T04:09:24Z,,Kiew/Moskau. Der ukrainische Präsident Wolodymyr Selenskyj hat die von Kremlchef Wladimir Putin über das orthodoxe Weihnachtsfest deklarierte Feuerpause für gescheitert erklärt. Die Welt konnte einma… [+4845 chars],,de,'Ukraine'
https://www.tagesschau.de/newsticker/liveblog-ukraine-samstag-229.html,https://www.tagesschau.de/newsticker/liveblog-ukraine-samstag-229.html,0,www.tagesschau.de,Ukraine-Liveblog: ++ Bundestagsvizepräsidenten für Kampfpanzer-Lieferung ++,Die Bundestagsvizepräsidenten Göring-Eckardt und Kubicki machen sich für eine Kampfpanzerlieferung an die Ukraine stark. Mehr als 40 Prozent der gesamten Landfläche der Ukraine sind nach Angaben Kiews vermint. Die Entwicklungen im Liveblog.,https://www.tagesschau.de/multimedia/bilder/goering-eckardt-115~_v-original.jpg,2023-01-08T04:14:53Z,,Die Bundestagsvizepräsidenten Göring-Eckardt und Kubicki machen sich für eine Kampfpanzerlieferung an die Ukraine stark. Mehr als 40 Prozent der gesamten Landfläche der Ukraine sind nach Angaben Kiew… [+1525 chars],,de,'Ukraine'
https://www.n-tv.de/politik/08-46-Besatzungsverwaltung-Zwei-Waermekraftwerke-durch-ukrainischen-Beschuss-beschaedigt--article23143824.html,https://www.n-tv.de/politik/08-46-Besatzungsverwaltung-Zwei-Waermekraftwerke-durch-ukrainischen-Beschuss-beschaedigt--article23143824.html,0,www.n-tv.de,Ukraine-Krieg im Liveticker: +++ 08:46 Besatzungsverwaltung: Zwei Wärmekraftwerke durch ukrainischen Beschuss beschädigt +++,"Berlin, Washington, Br\u00fcssel - \u00fcberall. n-tv berichtet von allen wichtigen Schaupl\u00e4tzen der Innen- und Au\u00dfenpolitik.",https://bilder2.n-tv.de/img/incoming/crop23332537/9041326157-cImg_16_9-w1200/Liveticker1-grau-1-Kopie.jpg,2023-01-08T04:30:00Z,,In den von Russland kontrollierten Teilen der ostukrainischen Region Donezk sind nach Angaben der dortigen Besatzungsverwaltung zwei Wärmekraftwerke durch ukrainischen Beschuss beschädigt worden. Nac… [+9303 chars],,de,'Ukraine'
https://www.n-tv.de/politik/11-38-Feiernder-russischer-Politiker-in-Mexiko-erzeugt-Arger-in-der-Heimat--article23143824.html,https://www.n-tv.de/politik/11-38-Feiernder-russischer-Politiker-in-Mexiko-erzeugt-Arger-in-der-Heimat--article23143824.html,0,www.n-tv.de,Ukraine-Krieg im Liveticker: +++ 11:38 Feiernder russischer Politiker in Mexiko erzeugt Ärger in der Heimat +++,"Berlin, Washington, Br\u00fcssel - \u00fcberall. n-tv berichtet von allen wichtigen Schaupl\u00e4tzen der Innen- und Au\u00dfenpolitik.",https://bilder2.n-tv.de/img/incoming/crop23332537/9041326157-cImg_16_9-w1200/Liveticker1-grau-1-Kopie.jpg,2023-01-08T04:30:00Z,,"Die Neujahrsgrüße eines in Mexiko feiernden Regionalpolitikers aus der russischen Grenzregion Kursk rufen in Russland angesichts des Kriegs in der Ukraine Ärger hervor. ""Wie Tausende meiner Landsleut… [+13029 chars]",,de,'Ukraine'
https://www.n-tv.de/politik/06-10-Goering-Eckardt-und-Kubicki-fuer-Lieferung-deutscher-Kampfpanzer-an-die-Ukraine--article23143824.html,https://www.n-tv.de/politik/06-10-Goering-Eckardt-und-Kubicki-fuer-Lieferung-deutscher-Kampfpanzer-an-die-Ukraine--article23143824.html,0,www.n-tv.de,Ukraine-Krieg im Liveticker: +++ 06:10 Göring-Eckardt und Kubicki für Lieferung deutscher Kampfpanzer an die Ukraine +++,"Berlin, Washington, Br\u00fcssel - \u00fcberall. n-tv berichtet von allen wichtigen Schaupl\u00e4tzen der Innen- und Au\u00dfenpolitik.",https://bilder2.n-tv.de/img/incoming/crop23332537/9041326157-cImg_16_9-w1200/Liveticker1-grau-1-Kopie.jpg,2023-01-08T04:30:00Z,,"Nach der deutschen Zusage von ""Marder""-Schützenpanzern an die Ukraine haben weitere Politiker die Lieferung deutscher ""Leopard""-Kampfpanzer an die Ukraine gefordert. Bei der Zusage für ""Marder""-Schüt… [+7230 chars]",,de,'Krieg'
https://www.n-tv.de/politik/10-07-London-Russland-bereitet-sich-an-zwei-Fronten-auf-ukrainische-Gegenoffensive-vor--article23143824.html,https://www.n-tv.de/politik/10-07-London-Russland-bereitet-sich-an-zwei-Fronten-auf-ukrainische-Gegenoffensive-vor--article23143824.html,0,www.n-tv.de,Ukraine-Krieg im Liveticker: +++ 10:07 London: Russland bereitet sich an zwei Fronten auf ukrainische Gegenoffensive vor +++,"Berlin, Washington, Br\u00fcssel - \u00fcberall. n-tv berichtet von allen wichtigen Schaupl\u00e4tzen der Innen- und Au\u00dfenpolitik.",https://bilder2.n-tv.de/img/incoming/crop23332537/9041326157-cImg_16_9-w1200/Liveticker1-grau-1-Kopie.jpg,2023-01-08T04:30:00Z,https://web.archive.org/web/20230108092846/https://www.n-tv.de/politik/10-07-London-Russland-bereitet-sich-an-zwei-Fronten-auf-ukrainische-Gegenoffensive-vor--article23143824.html,"Das russische Militär hat in den vergangenen Wochen seine Verteidigungsanlagen in der südöstlichen Oblast Saporischschja, insbesondere zwischen den Städten Wassiljewka und Orichiw, verstärkt, so das … [+10645 chars]",,de,'Ukraine'
https://www.n-tv.de/politik/07-08-Bischof-Ackermann-Freiheit-und-Demokratie-sind-immer-bedroht--article23143824.html,https://www.n-tv.de/politik/07-08-Bischof-Ackermann-Freiheit-und-Demokratie-sind-immer-bedroht--article23143824.html,0,www.n-tv.de,Ukraine-Krieg im Liveticker: +++ 07:08 Bischof Ackermann: Freiheit und Demokratie sind immer bedroht +++,"Berlin, Washington, Br\u00fcssel - \u00fcberall. n-tv berichtet von allen wichtigen Schaupl\u00e4tzen der Innen- und Au\u00dfenpolitik.",https://bilder2.n-tv.de/img/incoming/crop23332537/9041326157-cImg_16_9-w1200/Liveticker1-grau-1-Kopie.jpg,2023-01-08T04:30:00Z,,"Der russische Angriff auf die Ukraine hat nach Ansicht des Trierer Bischofs Stephan Ackermann deutlich gemacht, dass Freiheit und Demokratie immer verteidigt werden müssen. ""Freiheit und Demokratie w… [+8190 chars]",,de,'Krieg'
https://www.nzz.ch/international/ukraine-orthodoxe-kirchen-kaempfen-um-das-hoehlenkloster-ld.1719680,https://www.nzz.ch/international/ukraine-orthodoxe-kirchen-kaempfen-um-das-hoehlenkloster-ld.1719680,0,www.nzz.ch,Politisiertes Weihnachtsfest: Die orthodoxen Kirchen in der Ukraine kämpfen um das Höhlenkloster,"Kontrolle über die berühmte «Lawra» in Kiew bedeutet nicht nur religiösen, sondern auch politischen Einfluss. Nun lässt der Staat seine Muskeln spielen, um traditionell prorussische Kräfte zurückzudrängen.","https://img.nzz.ch/2023/01/06/2801d0ea-ff23-4ba8-9bbd-5114a7e808d9.jpeg?width=1200&height=675&fit=bound&quality=75&auto=webp&crop=6000,3375,x0,y611&wmark=nzz",2023-01-08T04:30:00Z,,"Für die ostslawische Orthodoxie hat das Kiewer Höhlenkloster höchste religiöse Bedeutung. 
Das Höhlenkloster in der ukrainischen Hauptstadt Kiew ist ein Zentrum der ostslawischen Orthodoxie. Wer es … [+8130 chars]",,de,'Ukraine'
https://www.n-tv.de/politik/09-33-Selenskyj-ueber-angebliche-Feuerpause-Welt-hat-gesehen-wie-irrefuehrend-jede-Aussage-aus-Moskau-ist--article23143824.html,https://www.n-tv.de/politik/09-33-Selenskyj-ueber-angebliche-Feuerpause-Welt-hat-gesehen-wie-irrefuehrend-jede-Aussage-aus-Moskau-ist--article23143824.html,0,www.n-tv.de,"Ukraine-Krieg im Liveticker: +++ 09:33 Selenskyj über angebliche Feuerpause: Welt hat gesehen, wie irreführend jede Aussage aus Moskau ist +++","Berlin, Washington, Br\u00fcssel - \u00fcberall. n-tv berichtet von allen wichtigen Schaupl\u00e4tzen der Innen- und Au\u00dfenpolitik.",https://bilder2.n-tv.de/img/incoming/crop23332537/9041326157-cImg_16_9-w1200/Liveticker1-grau-1-Kopie.jpg,2023-01-08T04:30:00Z,,"Während des orthodoxen Weihnachtsfests wollte Russland angeblich die Waffen schweigen lassen. Doch während der Feuerpause meldet die Ukraine immer wieder Angriffe. Moskau behauptet, nur reagiert zu h… [+9668 chars]",,de,'Ukraine'
https://www.n-tv.de/politik/08-03-Gouverneur-von-Donezk-Mindestens-ein-getoeteter-Zivilist-und-acht-Verletzte-in-Bachmut--article23143824.html,https://www.n-tv.de/politik/08-03-Gouverneur-von-Donezk-Mindestens-ein-getoeteter-Zivilist-und-acht-Verletzte-in-Bachmut--article23143824.html,0,www.n-tv.de,Ukraine-Krieg im Liveticker: +++ 08:03 Gouverneur von Donezk: Mindestens ein getöteter Zivilist und acht Verletzte in Bachmut +++,"Berlin, Washington, Br\u00fcssel - \u00fcberall. n-tv berichtet von allen wichtigen Schaupl\u00e4tzen der Innen- und Au\u00dfenpolitik.",https://bilder2.n-tv.de/img/incoming/crop23332537/9041326157-cImg_16_9-w1200/Liveticker1-grau-1-Kopie.jpg,2023-01-08T04:30:00Z,,"Pavlo Kyrylenko, der ukrainische Gouverneur im Oblast Donezk - einer der Regionen, die Russland annektiert hat, berichtet heute früh auf Telegram, dass bei russischem Beschuss in Bachmut in den verga… [+8722 chars]",,de,'Krieg'
https://www.n-tv.de/politik/11-03-Richter-zu-russischen-Sprengfallen-USA-sehen-bei-Minen-Strategie-Parallelen-zum-IS--article23143824.html,https://www.n-tv.de/politik/11-03-Richter-zu-russischen-Sprengfallen-USA-sehen-bei-Minen-Strategie-Parallelen-zum-IS--article23143824.html,0,www.n-tv.de,"Ukraine-Krieg im Liveticker: +++ 11:03 Richter zu russischen Sprengfallen: ""USA sehen bei Minen-Strategie Parallelen zum IS"" +++","Berlin, Washington, Br\u00fcssel - \u00fcberall. n-tv berichtet von allen wichtigen Schaupl\u00e4tzen der Innen- und Au\u00dfenpolitik.",https://bilder2.n-tv.de/img/incoming/crop23332537/9041326157-cImg_16_9-w1200/Liveticker1-grau-1-Kopie.jpg,2023-01-08T04:30:00Z,,"250.000 Quadratkilometer der Ukraine sind mittlerweile vermint, die USA sehen darin die größte Herausforderung seit dem Zweiten Weltkrieg. ntv-Reporter Stephan Richter berichtet über die ""katastropha… [+11871 chars]",,de,'Ukraine'
https://www.nzz.ch/feuilleton/sergei-gerasimow-kriegstagebuch-aus-charkiw-teil-380-ld.1718641,https://www.nzz.ch/feuilleton/sergei-gerasimow-kriegstagebuch-aus-charkiw-teil-380-ld.1718641,0,www.nzz.ch,"SERIE - Die sowjetische Invasion in Afghanistan besass weder Sinn noch Logik. Es war ein absurder, idiotischer Krieg, der nicht zu gewinnen war","Sergei Gerasimow harrt in Charkiw aus. In seinem Kriegstagebuch berichtet der ukrainische Schriftsteller über den schrecklichen, auch absurden Alltag in einer Stadt, die noch immer beschossen wird.","https://img.nzz.ch/2023/01/04/ddfc66e9-c4f9-4b4c-90e0-36cf40c09dc7.jpeg?width=1200&height=674&fit=bound&quality=75&auto=webp&crop=3544,1991,x0,y292&wmark=nzz",2023-01-08T04:30:00Z,,"Afghanische Jugendliche winken sich zurückziehenden Sowjettruppen zum Abschied zu, 1986. 
7. Dezember 2022
Heute habe ich mich zufällig daran erinnert, warum wir, die Sowjetunion, meine ich, 1979 A… [+4759 chars]",,de,'Krieg'
https://www.n-tv.de/politik/10-36-Explosion-an-Gasleitung-in-Luhansk-angeblich-Sabotage--article23143824.html,https://www.n-tv.de/politik/10-36-Explosion-an-Gasleitung-in-Luhansk-angeblich-Sabotage--article23143824.html,0,www.n-tv.de,Ukraine-Krieg im Liveticker: +++ 10:36 Explosion an Gasleitung in Luhansk angeblich Sabotage +++,"Berlin, Washington, Br\u00fcssel - \u00fcberall. n-tv berichtet von allen wichtigen Schaupl\u00e4tzen der Innen- und Au\u00dfenpolitik.",https://bilder2.n-tv.de/img/incoming/crop23332537/9041326157-cImg_16_9-w1200/Liveticker1-grau-1-Kopie.jpg,2023-01-08T04:30:00Z,,"Die Explosion einer Gasleitung im von Russland annektierten Gebiet Luhansk in der Ukraine ist nach Angaben der Besatzer auf Sabotage zurückzuführen. ""Zum vorläufigen Grund: Wegen der Sprengung der Er… [+11511 chars]",,de,'Krieg'
https://www.zeit.de/politik/ausland/2023-01/ukraine-ueberblick-waffenruhe-kritik-luftalarm-kampfpanzer-debatte,https://www.zeit.de/politik/ausland/2023-01/ukraine-ueberblick-waffenruhe-kritik-luftalarm-kampfpanzer-debatte,0,www.zeit.de,"Ukraine-Überblick: Putins selbsterklärte Waffenruhe endet, Selenskyj beklagt Propaganda","Die Ukraine kritisiert, dass Russland während der angeblichen Feuerpause weiter angriff. Durch den Krieg sind laut der Regierung 40 Prozent des Landes vermint. Die Nacht",,2023-01-08T04:42:07Z,,"When browsing with ads:
We collect personal data and also transmit it to third-party providers
 that help us improve and finance our digital content. Some of the information stored on your device, … [+732 chars]",,de,'Russland'
https://www.welt.de/politik/ausland/article243087341/Ukraine-News-Kubicki-und-Goering-Eckhardt-wollen-auch-Leopard-Panzer-an-Ukraine-liefern.html,https://www.welt.de/politik/ausland/article243087341/Ukraine-News-Kubicki-und-Goering-Eckhardt-wollen-auch-Leopard-Panzer-an-Ukraine-liefern.html,0,www.welt.de,Forderungen nach Leopard-Lieferung werden lauter,"Die Bundestags-Vizepräsidenten von Grünen und FDP, Göring-Eckardt und Kubicki, fordern nach der Zusage von Marder-Schützenpanzern für die Ukraine auch eine Lieferung deutscher Kampfpanzer vom Typ Leopard. Die Bürger sind laut einer Umfrage skeptisch. Mehr im …",https://img.welt.de/img/politik/ausland/mobile243087347/3101359807-ci16x9-w1200/CSU-fordert-Initiative-fuer-Panzer-Lieferungen-an-Ukraine.jpg,2023-01-08T04:57:54Z,,"Die Vizepräsidenten des Deutschen Bundestages, Katrin Göring-Eckardt (Grüne) und Wolfgang Kubicki (FDP), machen sich laut einem Vorabbericht der Funke Mediengruppe nach der deutschen Zusage der Ukrai… [+2781 chars]",,de,'Ukraine'
https://www.tagesschau.de/ausland/europa/russland-krieg-mitmachen-schweigen-101.html,https://www.tagesschau.de/ausland/europa/russland-krieg-mitmachen-schweigen-101.html,0,www.tagesschau.de,Russland im Krieg: Mitmachen oder schweigen,"Seit dem Überfall auf die Ukraine hat Russland sich abgeschottet, strenge Zensurgesetze erlassen. Wie die Menschen im Land dazu stehen, ist schwer zu erfassen. <em>Demian von Osten </em>über<em> </em>überzeugte<em> </em>Kriegsbefürworter und verstummende Krie…",https://www.tagesschau.de/multimedia/bilder/z-aus-stroh-101~_v-original.jpg,2023-01-08T05:35:05Z,https://web.archive.org/web/20230108083342/https://www.tagesschau.de/ausland/europa/russland-krieg-mitmachen-schweigen-101.html,"Seit dem Überfall auf die Ukraine hat Russland sich abgeschottet, strenge Zensurgesetze erlassen. Wie die Menschen im Land dazu stehen, ist schwer zu erfassen. Begegnungen mit überzeugten Kriegsbefür… [+6900 chars]",,de,'Russland'
https://www.faz.net/aktuell/politik/ausland/moskaus-weihnachts-feuerpause-in-der-ukraine-ist-gescheitert-18586467.html,https://www.faz.net/aktuell/politik/ausland/moskaus-weihnachts-feuerpause-in-der-ukraine-ist-gescheitert-18586467.html,0,www.faz.net,Moskaus Weihnachts-Feuerpause in der Ukraine ist gescheitert,"36 Stunden lang sollten Russlands Waffen schweigen. Doch nach dem Fest sieht Kiew sich bestätigt, das Versprechen sei nur Propaganda gewesen. Die Deutschen sehen Panzerlieferungen noch mehrheitlich skeptisch.",https://media0.faz.net/ppmedia/aktuell/politik/3985161990/1.8586484/facebook_teaser/ukrainische-soldaten-nehmen-am.jpg,2023-01-08T06:20:13Z,,"Der ukrainische Präsident Wolodymyr Selenskyj hat die von Kremlchef Wladimir Putin über das orthodoxe Weihnachtsfest deklarierte Feuerpause für gescheitert erklärt. Die Welt konnte einmal mehr sehen,… [+4559 chars]",,de,'Ukraine'
https://www.welt.de/politik/deutschland/plus243060627/Harald-Martenstein-Frankreich-ist-jetzt-die-europaeische-Fuehrungsmacht.html,https://www.welt.de/politik/deutschland/plus243060627/Harald-Martenstein-Frankreich-ist-jetzt-die-europaeische-Fuehrungsmacht.html,0,www.welt.de,Zum Glück ist jetzt Frankreich statt Deutschland die europäische Führungsmacht,"Es ist ziemlich klar, dass es die Ukraine als unabhängigen Staat nicht mehr geben würde, wäre es in dieser Frage auf Deutschland angekommen. Bei den Panzerlieferungen folgen wir nur Frankreichs Vorbild. Klar ist auch: Kommt es zum Nato-Bündnisfall, hilft auch…",https://img.welt.de/img/bildergalerien/mobile242862017/5031359117-ci16x9-w1200-fnov-fpotl-fpi157750653/won-martenstein-kolumne.jpg,2023-01-08T06:27:10Z,https://web.archive.org/web/20230108100244/https://www.welt.de/politik/deutschland/plus243060627/Harald-Martenstein-Frankreich-ist-jetzt-die-europaeische-Fuehrungsmacht.html,"elt elue Butae pep GtlOeveupetp lpl. Ble kukeu IeOoelelnleu pel teleleu Iekle peaeupllaleu uelOnltlek VteplOll Bnllup Zelanua en Puallttphlleaeu.
Blepel Gllea lpl luevlpekeu enO Ueluleklnuaphllea ae… [+3961 chars]",,de,'Ukraine'
https://www.faz.net/aktuell/politik/ukraine-liveticker-goering-eckardt-und-kubicki-fuer-lieferung-deutscher-kampfpanzer-18495964.html,https://www.faz.net/aktuell/politik/ukraine-liveticker-goering-eckardt-und-kubicki-fuer-lieferung-deutscher-kampfpanzer-18495964.html,0,www.faz.net,Ukraine-Liveblog: Göring-Eckardt und Kubicki für Lieferung deutscher Kampfpanzer,SPD-Chef Klingbeil vorerst gegen „Leopard“ für die Ukraine Trotz russischer „Feuerpause“: Gefechte in der Ostukraine dauern an +++ alle Entwicklungen im Liveblog.,https://media1.faz.net/ppmedia/aktuell/1268273287/1.8586487/facebook_teaser/katrin-goering-eckardt-und.jpg,2023-01-08T06:28:48Z,,Die moldauische Regierungschefin Natalia Gavrilita hat die Lieferung von Marder-Panzern aus Deutschland an die Ukraine begrüßt. In der Ukraine würden europäische Werte wie Freiheit und Menschenrechte… [+875 chars],,de,'Ukraine'
https://www.focus.de/politik/ausland/ukraine-update-am-8-januar-experten-zerlegen-russlands-neuste-bachmut-luege_id_72885571.html,https://www.focus.de/politik/ausland/ukraine-update-am-8-januar-experten-zerlegen-russlands-neuste-bachmut-luege_id_72885571.html,0,www.focus.de,Das Ukraine-Update am Morgen - Experten zerlegen Russlands neuste Bachmut-Lüge,Russische Quellen sprechen von einer Einkesselung der umkämpften Stadt Bachmut. Doch die wahre Lage stellt sich laut Experten anders heraus. Der ukrainische Präsident Selenskyj erklärt Putins angebliche Waffenruhe für gescheitert. Was heute Nacht passiert ist.,https://p6.focus.de/img/fotos/id_180449467/bakhmut-ukraine-soldaten.png?im=Crop%3D%280%2C32%2C1064%2C532%29%3BResize%3D%281200%2C627%29&hash=53218e1eeca2163342e0acf8987790d6dd4c8409b80c3802bf29acda6f470eaf,2023-01-08T06:49:00Z,,Russische Quellen sprechen von einer Einkesselung der umkämpften Stadt Bachmut. Doch die wahre Lage stellt sich laut Experten anders heraus. Der ukrainische Präsident Selenskyj erklärt Putins angebli… [+7003 chars],,de,'Ukraine'
https://orf.at/stories/3300514/,https://orf.at/stories/3300514/,0,orf.at,Deutsche unzufrieden mit Panzer Lieferung an Ukraine,,https://orf.at/mojo/1_4_1/storyserver//news/common/images/og-fallback-news.png,2023-01-08T07:04:49Z,,Laut Umfrage des deutschen Meinungsforschungsinstituts INSA für die Zeitung Bild am Sonntag finden 49 Prozent der befragten Deutschen die von der Regierung in Berlin geplante Lieferung von Marder-Pan… [+349 chars],,de,'Ukraine'
https://www.bild.de/politik/inland/politik-inland/ukraine-krieg-der-grosse-panzer-vergleich-marder-vs-leopard-82474698.bild.html,https://www.bild.de/politik/inland/politik-inland/ukraine-krieg-der-grosse-panzer-vergleich-marder-vs-leopard-82474698.bild.html,0,www.bild.de,"Der große Panzer-Vergleich - Was kann der Leopard, was der Marder nicht kann?",Deutschland liefert „Marder“-Panzer an die Ukraine. Die hofft aber auch auf den „Leopard“.Foto: imago/photothek,"https://images.bild.de/63b9836c936d1c31aa34f0aa/efd3f9c9b7f1b4a2f154135150978579,b7bd90ca?w=1280",2023-01-08T07:20:47Z,,"Nach langem Zögern liefert Deutschland jetzt doch 40 Marder-Panzer an die Ukraine. Das dürfte aber nicht reichen, um Putins Invasionsarmee zu vertreiben. Darum hofft die Ukraine dringend auch auf den… [+3529 chars]",,de,'Ukraine'
https://www.stern.de/gesellschaft/regional/baden-wuerttemberg/energiekrise--staedtetag--kommunen-muessen-auf-dauer-energie-sparen-33078398.html,https://www.stern.de/gesellschaft/regional/baden-wuerttemberg/energiekrise--staedtetag--kommunen-muessen-auf-dauer-energie-sparen-33078398.html,0,www.stern.de,Energiekrise: Städtetag: Kommunen müssen auf Dauer Energie sparen,"Stuttgart (lsw) - Wegen der Energiekrise sind die Städte und Kommunen nicht nur in der Pflicht, kurzfristig Gas und Strom einzusparen. «Sie müssen auch in",https://image.stern.de/33078400/t/79/v1/w1440/r1.7778/-/08--urnnewsmldpacom2009010123010899141788v3w800h600l355t177r1511b1537jpeg---67283e018a0b7a00.jpg,2023-01-08T07:32:03Z,,"Erst Corona, nun die steigenden Energiepreise: Viele Städte müssen sparen, die Kassen sind leerer. Ideenreichtum ist gefragt.
Wegen der Energiekrise sind die Städte und Kommunen nicht nur in der Pfl… [+2699 chars]",,de,'Energie sparen'
https://www.bild.de/regional/duesseldorf/duesseldorf-aktuell/deutschland-besser-machen-ihm-ging-in-der-energie-krise-ein-licht-auf-82471274.bild.html,https://www.bild.de/regional/duesseldorf/duesseldorf-aktuell/deutschland-besser-machen-ihm-ging-in-der-energie-krise-ein-licht-auf-82471274.bild.html,0,www.bild.de,Sie machen Deutschland besser - Ihm ging in der Energie-Krise ein Licht auf,Sören Högel (44) hat als Leiter für digitale Lösungen bei den Wuppertaler Stadtwerken hat die Hälfte der Energiekosten für die Straßenbeleuchtung eingespart,"https://images.bild.de/63b91e13936d1c31aa34f001/75719c90512ce568f30e544e698c1ce5,754ffa3d?w=1280",2023-01-08T10:58:26Z,https://web.archive.org/web/20230108110235/https://www.bild.de/regional/duesseldorf/duesseldorf-aktuell/deutschland-besser-machen-ihm-ging-in-der-energie-krise-ein-licht-auf-82471274.bild.html,"Wuppertal Während andere Städte ihre Laternen angesichts der Energie-Krise einfach ausschalten, lässt seine Dimm-Offensive Deutschland ein Licht aufgehen!
Sören Högel (44) ist Leiter für digitale Lö… [+2004 chars]",,de,'Energie sparen'
https://www.morgenpost.de/wirtschaft/article237320285/heizoelpreise-aktuell-heute-9-januar-2023-energiekrise-oelpreis.html,https://www.morgenpost.de/wirtschaft/article237320285/heizoelpreise-aktuell-heute-9-januar-2023-energiekrise-oelpreis.html,0,www.morgenpost.de,Energiekosten: Heizölpreise heute am 9. Januar: So viel kostet der Liter Öl,Energiekrise in Deutschland: Die Heizölpreise sinken aktuell ○ Die Preise für einen Liter Heizöl vom 9. Januar haben wir für Sie hier zusammengefasst.,https://img.morgenpost.de/img/incoming/crop237320345/1802605951-w820-cv16_9-q85/Heizoelpreise-in-Deutschland-Das-Heizen-ist-so-teuer-wie-nie.jpg,2023-01-09T09:09:58Z,,Berlin. Der Krieg in der Ukraine und der damit einhergehende Gaskonflikt mit Russland hat in Deutschland eine Energie- und Preiskrise ausgelöst. Brennstoffe wie Heizöl und Gas waren 2022 teurer denn … [+6851 chars],,de,'Energie sparen'
https://www.morgenpost.de/wirtschaft/article237323033/gas-strom-preisbremse-sparen-energiekrise-hilfen.html,https://www.morgenpost.de/wirtschaft/article237323033/gas-strom-preisbremse-sparen-energiekrise-hilfen.html,0,www.morgenpost.de,Entlastungen: Gas- und Strompreisbremse: So viel Geld können Sie sparen,"Ab diesem Jahr sollen Verbraucher von den hohen Gas- und Strompreisen entlastet werden. Beispielrechnungen zeigen, was konkret ankommt.",https://img.morgenpost.de/img/wirtschaft/crop237323029/1952608060-w820-cv16_9-q85/0eb9d322-9018-11ed-9421-0ccb6dffa11a.jpg,2023-01-09T13:25:54Z,,"Berlin.  Wer viel Energie verbraucht, wird durch die Gas- und Strompreisbremse deutlich stärker entlastet als sparsame Privathaushalte. Das belegen Beispielrechnungen dieser Zeitung in Kooperation mi… [+3261 chars]",,de,'Gas'
https://www.stern.de/gesellschaft/regional/sachsen/sparen-und-reparieren--kultureinrichtungen-in-oelsnitz-geschlossen-33082244.html,https://www.stern.de/gesellschaft/regional/sachsen/sparen-und-reparieren--kultureinrichtungen-in-oelsnitz-geschlossen-33082244.html,0,www.stern.de,Sparen und Reparieren: Kultureinrichtungen in Oelsnitz geschlossen,"Um Energie zu sparen und Reparaturarbeiten vorzunehmen, bleiben die Kultureinrichtungen im vogtländischen Oelsnitz vorerst geschlossen. Die Entscheidung sei bereits im November gefallen, als die Situation noch eine andere war, sagte der Chef der Oelsnitzer Ku…",https://image.stern.de/6681672/t/31/v5/w1440/r1.7778/-/video-fallback-image.jpg,2023-01-09T15:18:34Z,,"Um Energie zu sparen und Reparaturarbeiten vorzunehmen, bleiben die Kultureinrichtungen im vogtländischen Oelsnitz vorerst geschlossen. Die Entscheidung sei bereits im November gefallen, als die Situ… [+1297 chars]",,de,'Energie sparen'
